azimilide,bepridil,disopyramide,dofetilide,ibutilide,quinidine,sotalol,vandetanib,astemizole,chlorpromazine,cisapride,clarithromycin,clozapine,domperidone,droperidol,ondansetron,pimozide,risperidone,terfenadine,diltiazem,loratadine,metoprolol,mexiletine,nifedipine,nitrendipine,ranolazine,tamoxifen,verapamil
1,1,1,1,1,1,0.82,1,0.759,0.0005,0.973,0.176,0.0615,0,0.955,1,0.086,0,0.9585,1,1,0.066,0.992911392,1,1,0,1,0.5945
1,1,0.9145,1,1,1,0.882,1,0.9955,0.6785,1,0.295,0.413,0.8775,0.974,1,0.2235,0.0115,1,1,1,0,0.998987342,1,1,0,1,1
1,1,1,1,1,1,0.811,1,0.966,0.168,1,0.377,0.2495,0,0.951,1,0.0525,0.0095,0.9935,1,1,0.286,1,1,1,0,1,0.98
1,1,1,0.9895,0.9645,0.9055,0.82,1,0.9335,0.27,0.9995,0.9035,0.274,0,0.948,0.999,0.0085,0.024,0.859,1,1,1,1,1,1,0.029,1,0.9825
1,1,1,0.994,1,1,0.7975,1,0.9315,0.2695,0.999,0.8815,0.272,0,0.958,0.998,0.0245,0.0245,0.922,1,1,1,1,1,1,0.035,1,0.9905
1,1,0.9995,0.999,1,0.999,0.768,1,0.9125,0.003,0.998,0.1085,0.0525,0,0.946,0.998,0.0665,0.001,0.9895,1,1,1,1,1,1,0.0005,1,0.615
1,1,1,0.996,1,0.999,0.8305,1,0.8105,0.004,0.9835,0.2015,0.043,0,0.968,0.9985,0.0975,0,0.983,1,1,1,1,1,1,0,1,0.4615
1,1,1,0.956,1,1,0.6085,1,0.418,0,0.6525,0.1985,0.003,0,0.8695,0.9945,0.099,0,0.8325,1,1,1,0.928101266,1,1,0,1,0
1,1,0.813,0.9985,1,1,0.945,1,0.8605,0.999,0.996,0.934,0.993,0.4825,0.775,1,0.094,0.842,0.9585,1,0.997,0,1,1,1,0.9985,0.4065,1
0.9985,1,0.3615,1,1,0.9775,0.905,1,0.842,0.7815,0.9905,0.036,0.1595,0.57,0.7125,0.9445,0.2185,0.129,0.9815,1,1,1,1,1,1,0.4635,0.9985,1
0.999,0.9995,0.5095,0.9995,1,0.964,0.947,1,0.912,0.7595,0.997,0.0375,0.1295,0.2015,0.772,0.9445,0.263,0.074,0.9965,1,1,1,1,1,1,0.3335,0.9995,1
0.9995,1,0.855,0.999,1,0.951,0.953,1,0.9575,0.5515,0.9995,0.1445,0.097,0.9855,0.7935,0.9725,0.2295,0.0145,0.994,1,1,1,1,1,1,0.112,1,1
1,1,1,0.943,1,0.519,0.9805,1,0.992,0.9985,1,0.9935,0.913,0,0.9125,0.9075,0.0025,0.5215,0.7395,1,1,1,1,1,1,0.974,0.927,0.7035
1,1,1,0.974,1,0.991,0.708,1,0.924,0.449,0.9975,0.982,0.3605,0.0015,0.9685,0.9955,0.003,0.06,0.761,1,1,1,0.999493671,1,1,0.1585,1,1
1,1,1,0.993,1,0.985,0.8045,1,0.945,0.182,1,0.7875,0.2565,0,0.952,0.9995,0.028,0.0175,0.921,1,1,1,1,1,1,0.0085,1,0.992
1,1,1,0.914,1,0.996,0.843,1,0.9425,0.7535,0.989,0.9685,0.3315,0.0095,0.943,0.969,0.023,0.147,0.8315,1,1,1,1,1,1,0.414,0.997,1
1,1,1,0.942,1,0.9845,0.842,1,0.9135,0.4875,0.9885,0.9765,0.331,0.1095,0.9785,0.981,0.026,0.031,0.9135,1,1,1,0.999493671,1,1,0.033,1,1
1,1,1,0.9905,1,0.9685,0.819,1,0.935,0.1935,0.9995,0.8355,0.258,0,0.953,0.9995,0.02,0.017,0.908,1,1,1,1,1,1,0.009,1,0.989
1,1,0.9955,0.98,1,0.983,0.7615,1,0.961,0.8625,0.998,0.62,0.404,0.2505,0.8395,0.988,0.0405,0.263,0.76,1,1,1,1,1,1,0.693,0.9895,1
1,1,1,0.993,0.99,0.961,0.822,1,0.944,0.18,1,0.775,0.2515,0,0.9485,0.9995,0.0255,0.0165,0.918,1,1,1,1,1,1,0.006,1,0.986
1,1,1,0.9595,1,0.998,0.742,1,0.926,0.595,0.997,0.992,0.363,0.0005,0.9655,0.9915,0.0055,0.0965,0.7725,1,1,1,1,1,1,0.271,1,1
1,1,0.8955,0.997,1,1,0.8675,1,0.928,0.67,0.9685,0.835,0.488,0.26,0.9405,0.981,0.1955,0.333,0.981,1,0.932,1,0.9935,1,1,0.296,0.8735,0.9935
1,1,0.926,1,1,0.9985,0.815,1,0.9815,0.3245,1,0.1435,0.225,0.0005,0.941,0.9995,0.122,0.01,0.9995,1,1,0.9805,1,1,1,0,1,0.998
1,1,0.9415,1,1,0.9985,0.8155,1,0.9825,0.41,1,0.2085,0.2545,0.001,0.9425,1,0.1165,0.0155,0.999,1,1,0.9885,1,1,1,0,1,0.999
1,1,0.8865,1,1,0.998,0.8155,1,0.98,0.2765,1,0.119,0.188,0.0005,0.939,0.9995,0.13,0.007,0.9995,1,1,0.991,1,1,1,0,1,0.998
1,1,0.927,1,1,0.9975,0.8115,1,0.98,0.2865,1,0.1455,0.219,0.0005,0.9415,0.9995,0.1195,0.0075,0.9995,1,1,0.9745,1,1,1,0,1,0.998
1,1,0.934,0.9995,1,0.9985,0.8875,1,0.9925,0.6855,1,0.2635,0.305,0.3105,0.9695,1,0.2225,0.012,1,1,1,0.934,1,1,1,0,1,0.998
1,1,0.9555,0.9985,1,0.999,0.8885,1,0.994,0.7605,1,0.3625,0.347,0.5285,0.97,1,0.2005,0.02,1,1,1,0.968,1,1,1,0,1,0.9995
1,1,0.977,0.9985,1,0.998,0.8985,1,0.9785,0.4015,1,0.2285,0.199,0.179,0.973,1,0.216,0.002,0.9955,1,1,0.99,1,1,1,0,1,0.996
1,1,0.9815,0.999,1,0.998,0.894,1,0.985,0.4945,1,0.2785,0.256,0.151,0.9735,1,0.195,0.0025,0.9995,1,1,0.9575,1,1,1,0,1,0.998
1,1,1,0.9995,1,0.9995,0.816,1,0.969,0.1885,1,0.373,0.2355,0,0.948,1,0.053,0.0095,0.9915,1,1,0.7835,1,1,1,0,1,0.98
1,1,0.964,0.9995,1,0.9975,0.8395,1,0.9815,0.4095,1,0.1175,0.164,0,0.9335,0.997,0.123,0.016,0.9995,1,1,1,1,1,1,0,1,0.9875
1,1,1,0.9915,0.9625,0.995,0.7905,1,0.9355,0.19,0.9995,0.8505,0.2725,0,0.9575,0.9995,0.0145,0.018,0.8995,1,1,1,0.9925,1,1,0.016,1,0.993
1,1,1,0.9865,1,0.999,0.8065,1,0.9385,0.316,0.9995,0.866,0.2305,0,0.9515,0.995,0.0305,0.0275,0.9115,1,1,1,1,1,1,0.0825,1,0.9915
0.999,0.9995,0.6955,1,1,1,0.946,1,0.991,0.712,1,0.3035,0.301,0.9995,0.9225,0.9995,0.3475,0.008,0.9925,1,1,0.1215,1,1,1,0,1,1
0.9995,1,0.8675,1,1,1,0.946,1,0.9925,0.77,1,0.439,0.335,0.9665,0.9325,0.9995,0.29,0.0115,0.999,1,1,0.442,1,1,1,0,1,1
0.998,1,0.8665,0.993,1,0.984,0.594,1,0.817,1,0.994,0.897,0.6915,0.1385,0.771,0.946,0.1125,0.9955,0.6875,1,0.0255,1,0.984,1,1,0.958,0.231,1
1,1,1,0.9315,1,0.996,0.997,1,0.995,0.998,1,0.998,0.9615,0.0105,0.8835,0.962,0.056,0.494,0.993,1,1,0.0125,0.9945,1,1,0.9935,0.9,1
1,1,1,0.9575,1,0.9715,0.9185,1,0.922,0.4975,0.9995,0.877,0.2705,0.745,0.9525,0.996,0.073,0.007,0.9925,1,1,1,0.999493671,1,1,0,1,1
1,1,1,0.9895,0.971,0.908,0.82,1,0.9335,0.2595,0.9995,0.8995,0.27,0,0.948,0.999,0.009,0.023,0.867,1,1,1,1,1,1,0.0265,1,0.983
1,1,0.996,0.9955,0.9995,1,0.9955,1,0.953,0.999,1,0.99,0.998,0.84,0.8375,0.999,0.121,0.786,0.996,1,1,0,1,1,1,0.9995,0.475,0.999
1,1,0.9495,0.997,1,0.9995,0.964,1,0.9025,0.997,0.9985,0.977,0.976,0.232,0.7965,1,0.078,0.583,0.9705,1,1,0,1,1,1,1,0.808,0.9945
1,1,0.812,0.9985,1,1,0.945,1,0.8605,0.999,0.996,0.9495,0.997,0.4775,0.776,1,0.0915,0.88,0.9585,1,0.996,0,1,1,1,0.9985,0.28,1
1,1,0.817,0.999,1,1,0.953,1,0.865,0.997,0.9955,0.8235,0.947,0.629,0.768,1,0.1045,0.6405,0.968,1,1,0.0225,1,1,1,0.994,0.759,1
1,1,0.823,0.999,1,1,0.953,1,0.868,0.9975,0.9955,0.8595,0.9455,0.6045,0.763,1,0.1035,0.6195,0.965,1,1,0.0215,1,1,1,0.994,0.786,1
1,1,0.885,0.997,1,0.999,0.9855,1,0.8995,0.998,0.996,0.9145,0.992,0.9525,0.7635,1,0.13,0.7925,0.994,1,0.997,0,1,1,1,0.998,0.4275,1
1,1,0.951,0.9995,1,0.984,0.804,1,0.8905,0.948,0.9985,0.296,0.263,0.004,0.8045,0.948,0.1055,0.2835,0.8305,1,1,1,1,1,1,0.6865,0.9965,0.9995
0.9995,1,0.844,1,1,0.985,0.805,1,0.859,0.9615,0.995,0.1635,0.255,0.002,0.7705,0.9345,0.1215,0.3235,0.853,1,1,1,1,1,1,0.7225,0.989,0.9975
1,1,0.951,1,1,0.9755,0.8625,1,0.8955,0.8415,0.9985,0.1605,0.2055,0.005,0.8,0.9595,0.1095,0.1675,0.89,1,1,1,1,1,1,0.553,0.999,1
0.9995,1,0.9525,0.9995,1,0.988,0.7975,1,0.884,0.976,0.998,0.309,0.277,0.0005,0.799,0.939,0.1105,0.3465,0.832,1,1,1,1,1,1,0.733,0.988,0.9995
1,1,0.9985,0.993,1,0.9735,0.882,1,0.9485,0.9185,1,0.4195,0.203,0.0015,0.8545,0.9405,0.1105,0.1975,0.8805,1,1,1,1,1,1,0.5885,0.999,0.9975
0.999,1,0.9625,0.997,1,0.9735,0.8925,1,0.9145,0.9335,0.998,0.164,0.182,0.004,0.806,0.9245,0.144,0.2275,0.9225,1,1,1,1,1,1,0.6205,0.998,0.997
1,1,0.9985,0.9985,1,0.9625,0.898,1,0.9465,0.804,1,0.3,0.179,0,0.849,0.9595,0.102,0.112,0.91,1,1,1,1,1,1,0.485,0.999,0.9995
1,1,0.9925,0.9945,1,0.9825,0.8365,1,0.9285,0.977,0.9995,0.4345,0.2455,0,0.832,0.9305,0.1085,0.3185,0.847,1,1,1,1,1,1,0.6935,0.9915,0.997
1,1,1,0.999,1,0.9025,0.8875,1,0.954,0.378,1,0.393,0.1815,0,0.8685,0.9915,0.0465,0.0375,0.8845,1,1,1,1,1,1,0.2125,1,0.986
0.999,1,0.912,0.9975,1,0.993,0.813,1,0.861,0.9805,0.996,0.2055,0.2765,0,0.775,0.926,0.1195,0.41,0.873,1,1,1,1,1,1,0.7655,0.9625,1
1,1,1,0.9895,0.9795,0.857,0.8375,1,0.9445,0.374,0.9995,0.923,0.2835,0,0.9335,0.996,0.007,0.04,0.796,1,1,1,1,1,1,0.105,1,0.974
1,1,0.9965,0.989,1,0.9845,0.817,1,0.941,0.975,0.9995,0.551,0.2845,0.0015,0.8445,0.9445,0.088,0.3135,0.8155,1,1,1,1,1,1,0.713,0.9895,1
1,1,0.9955,0.998,1,0.9235,0.948,1,0.9455,0.423,0.9995,0.274,0.0905,0.144,0.805,0.9615,0.1375,0.0155,0.9705,1,1,1,1,1,1,0.2435,1,0.997
0.9995,1,0.984,0.9985,1,0.915,0.949,1,0.9415,0.432,0.9995,0.1915,0.0815,0.21,0.783,0.9505,0.1615,0.0145,0.974,1,1,1,1,1,1,0.2635,1,0.997
1,1,0.999,0.998,1,0.9125,0.9335,1,0.9465,0.4025,1,0.3315,0.1005,0,0.8195,0.9655,0.109,0.0205,0.9415,1,1,1,1,1,1,0.2745,1,0.9885
1,1,0.999,0.993,1,0.9215,0.889,1,0.936,0.782,0.9985,0.4385,0.143,0,0.7995,0.933,0.106,0.103,0.853,1,1,1,1,1,1,0.554,1,0.962
0.998,0.9935,0.3815,0.9955,1,0.9605,0.9905,1,0.9575,0.7145,0.9985,0.066,0.2055,0,0.7565,0.9825,0.47,0.0335,0.949,1,1,1,1,1,1,0.3295,1,1
1,1,1,0.86,1,0.711,0.9945,1,0.997,0.993,1,0.97,0.981,0,0.966,0.712,0,0.4085,0.959,1,1,0.5935,0.9725,1,0.999,0.962,0.943,0.875
0.999,0.9995,0.7715,0.996,1,0.956,0.9925,1,0.971,0.5025,0.9995,0.152,0.129,0.0355,0.771,0.991,0.349,0.0065,0.977,1,1,1,1,1,1,0.0635,1,1
1,1,1,0.98,1,1,0.997,1,0.9875,0.99,1,0.972,0.8795,0.5655,0.859,0.987,0.0985,0.3915,0.9955,1,1,0.958,1,1,1,0.983,0.97,1
1,1,0.9995,0.9935,1,0.976,0.9955,1,0.9795,0.89,1,0.784,0.623,0.112,0.8345,0.996,0.0965,0.1275,0.9945,1,1,0.925,1,1,1,0.8155,0.998,1
1,1,1,0.9785,1,1,0.9965,1,0.9885,0.9895,1,0.981,0.882,0.0475,0.8585,0.99,0.101,0.4125,0.9975,1,1,0.9765,1,1,1,0.984,0.957,1
1,1,1,0.872,1,1,0.9995,1,0.9985,0.971,1,0.924,0.7575,0.8295,0.9155,0.905,0.217,0.179,1,1,1,0.9545,1,1,1,0.916,0.997,1
1,1,0.9995,0.8895,1,1,0.9995,1,0.9995,0.974,1,0.942,0.8455,0.8245,0.9185,0.9145,0.2885,0.2355,0.9995,1,1,0.0015,1,1,1,0.936,0.9835,0.996
1,1,1,0.9835,1,0.964,0.996,1,0.9875,0.856,1,0.9035,0.5755,0.0025,0.886,0.991,0.081,0.0855,0.995,1,1,0.983,1,1,1,0.749,1,0.9995
1,1,1,0.9495,1,1,0.998,1,0.996,0.988,1,0.9925,0.856,0.019,0.894,0.9645,0.104,0.3645,1,1,1,0.9865,1,1,1,0.9765,0.9725,0.9995
1,1,1,0.994,1,0.8755,0.966,1,0.9755,0.566,1,0.9095,0.431,0,0.8905,0.9985,0.038,0.048,0.9335,1,1,0.998,1,1,1,0.4925,1,0.9845
1,1,1,0.9795,1,1,0.9975,1,0.988,0.989,1,0.982,0.8785,0.002,0.849,0.9905,0.1025,0.4275,0.999,1,1,0.9845,1,1,1,0.9845,0.941,0.9995
1,1,1,0.983,0.9935,0.7875,0.9275,1,0.97,0.6495,1,0.9925,0.453,0,0.9275,0.996,0.0035,0.077,0.7985,1,1,1,1,1,1,0.4165,1,0.9535
1,1,1,0.9615,1,1,0.9985,1,0.989,0.9895,1,0.956,0.8255,0.346,0.844,0.979,0.115,0.391,0.9975,1,1,0.9995,1,1,1,0.9795,0.958,1
1,1,1,0.778,1,0.95,1,1,0.9675,0.732,1,0.964,0.442,0.8615,0.8715,0.761,0.1485,0.017,0.9995,1,1,0.988,1,1,1,0.609,1,0.9915
1,0.998,1,0.6955,1,0.9935,1,1,0.997,0.9165,1,0.9345,0.623,0.957,0.807,0.7325,0.4565,0.056,0.99,1,1,0.078,1,1,1,0.8045,1,0.988
1,1,1,0.975,1,0.9125,0.9945,1,0.976,0.6425,1,0.9555,0.432,0,0.8885,0.9795,0.052,0.032,0.9885,1,1,0.996,1,1,1,0.5745,1,0.9875
1,1,0.682,0.9945,1,0.9895,0.6955,1,0.7755,0.8865,0.9945,0.2575,0.479,0.56,0.7135,0.993,0.0585,0.297,0.7695,1,1,1,1,1,1,0.772,0.983,1
1,1,0.998,0.9525,0.974,0.9965,0.7565,1,0.933,0.5275,0.9945,0.849,0.3605,0.015,0.951,0.985,0.043,0.078,0.781,1,1,1,0.993417722,1,1,0.2465,1,1
1,1,1,0.9145,1,1,0.8915,1,0.96,0.921,0.971,0.9765,0.441,0,0.9285,0.906,0.032,0.6675,0.95,1,0.4465,1,1,1,0.9785,0.5455,0.516,0.991
1,1,0.9965,0.963,1,1,0.802,1,0.9285,0.907,0.9415,0.9875,0.6745,0.105,0.952,0.9145,0.1095,0.7705,0.9325,1,0.4585,1,1,1,0.9915,0.632,0.417,1
1,1,1,0.9895,1,0.9685,0.818,1,0.938,0.209,0.9995,0.864,0.262,0,0.9575,0.9995,0.019,0.0175,0.905,1,1,1,1,1,1,0.012,1,0.9895
1,1,0.9685,0.969,1,1,0.788,1,0.9245,0.8645,0.9465,0.9885,0.669,0.5215,0.956,0.9165,0.1445,0.6705,0.923,1,0.6655,1,0.9985,1,0.9985,0.5965,0.539,1
1,1,1,0.971,1,0.9915,0.723,1,0.924,0.45,0.9975,0.9725,0.3605,0.047,0.9665,0.9955,0.0055,0.059,0.768,1,1,1,0.987848101,1,1,0.175,1,1
1,1,1,0.9895,0.898,0.989,0.7895,1,0.935,0.1875,0.999,0.8855,0.278,0,0.958,0.9995,0.009,0.0185,0.8885,1,1,1,0.97721519,1,1,0.022,1,0.993
1,1,1,0.8775,1,1,0.873,1,0.9385,0.7465,0.985,0.9065,0.3365,0.168,0.932,0.948,0.035,0.1485,0.873,1,1,1,0.993924051,1,1,0.4535,0.995,1
1,1,1,0.925,1,0.987,0.853,1,0.9135,0.503,0.988,0.958,0.342,0.532,0.9765,0.972,0.034,0.034,0.909,1,1,1,0.973670886,1,1,0.047,1,1
1,1,1,0.9515,1,0.9985,0.762,1,0.925,0.586,0.9965,0.977,0.364,0.044,0.9625,0.991,0.0105,0.0895,0.786,1,1,1,0.9965,1,1,0.2825,1,1
1,1,1,0.9995,1,0.9995,0.8185,1,0.9695,0.1925,1,0.362,0.2305,0,0.948,1,0.0555,0.01,0.993,1,1,0.8315,1,1,1,0,1,0.98
0.9995,1,0.758,0.993,1,1,0.863,1,0.944,0.7855,0.9595,0.7915,0.396,0.8085,0.927,0.9545,0.296,0.472,0.9755,0.9995,0.904,1,1,1,0.9995,0.3755,0.7205,0.9965
1,1,1,0.8675,1,0.9825,0.907,1,0.917,0.5355,0.998,0.8895,0.3105,0.311,0.9495,0.963,0.0585,0.0185,0.961,1,1,1,0.963037975,1,1,0.0025,1,1
0.998,1,0.6125,0.9975,1,0.9965,0.8345,1,0.7895,0.9805,0.976,0.14,0.3755,0.809,0.686,0.9385,0.1655,0.5005,0.9175,1,1,0.9995,0.992,1,1,0.883,0.8995,1
0.998,1,0.857,0.993,1,0.984,0.5915,1,0.815,1,0.994,0.897,0.693,0.1565,0.768,0.946,0.1135,0.9955,0.69,1,0.025,1,0.9845,1,1,0.958,0.227,1
0.9975,1,0.6095,0.9915,1,0.989,0.8465,1,0.8565,0.9815,0.984,0.3005,0.2665,0.553,0.668,0.926,0.212,0.3625,0.908,1,1,0.9995,0.987848101,1,1,0.8405,0.9815,1
0.994,1,0.4815,0.993,1,0.991,0.8355,1,0.8425,0.982,0.972,0.2385,0.261,0.981,0.6445,0.918,0.224,0.393,0.9225,1,1,0.999,0.988860759,1,1,0.8275,0.9745,1
0.998,1,0.634,0.9965,1,0.9965,0.823,1,0.8215,0.985,0.9795,0.219,0.3445,0.901,0.6835,0.9325,0.1765,0.4765,0.902,1,1,0.9995,0.991392405,1,1,0.8835,0.936,1
1,1,0.999,0.977,1,0.998,0.996,1,0.969,0.998,1,0.9445,0.902,0.5165,0.789,0.996,0.111,0.6605,0.9875,1,1,0.63,0.9975,1,1,0.9965,0.75,1
1,1,1,0.9805,1,1,0.997,1,0.994,0.9945,1,0.991,0.9355,0.454,0.896,0.9875,0.087,0.4195,0.996,1,1,0.015,1,1,1,0.9865,0.951,1
1,1,0.9985,0.9845,1,1,0.998,1,0.988,0.9895,1,0.9415,0.931,0.571,0.833,0.99,0.1995,0.487,1,1,1,0.096,1,1,1,0.9855,0.879,0.9985
1,1,1,0.9735,1,1,0.997,1,0.99,0.9855,1,0.9615,0.9065,0.217,0.86,0.987,0.093,0.3715,0.9975,1,1,0.0035,0.999493671,1,1,0.981,0.9585,1
1,1,1,0.9805,1,1,0.997,1,0.994,0.993,1,0.995,0.943,0.019,0.889,0.989,0.086,0.4395,1,1,1,0.0005,1,1,1,0.987,0.933,0.9995
1,1,1,0.8785,1,1,0.998,1,0.997,0.9735,1,0.972,0.84,0.9035,0.9505,0.9055,0.164,0.197,1,1,1,0.0215,1,1,1,0.925,0.9955,1
1,1,0.9995,0.8905,1,1,0.9995,1,0.9995,0.9735,1,0.937,0.832,0.816,0.913,0.9155,0.2895,0.2325,0.9995,1,1,0.052,1,1,1,0.9355,0.9855,0.9965
1,1,1,0.959,1,1,0.997,1,0.9945,0.9885,1,0.984,0.912,0.081,0.8785,0.974,0.081,0.375,0.9965,1,1,0.0065,0.998987342,1,1,0.9815,0.9595,1
1,1,1,0.96,1,1,0.997,1,0.999,0.991,1,0.9975,0.929,0.012,0.9185,0.9685,0.092,0.394,1,1,1,0.009,1,1,1,0.983,0.958,0.9985
1,1,1,0.972,1,0.999,0.997,1,0.989,0.985,1,0.9665,0.9085,0.1115,0.859,0.984,0.086,0.369,0.996,1,1,0,0.9985,1,1,0.98,0.959,1
1,1,1,0.9805,1,1,0.997,1,0.993,0.9925,1,0.996,0.947,0.002,0.8835,0.9905,0.0915,0.4515,1,1,1,0,1,1,1,0.987,0.9125,0.9995
1,1,1,0.9665,1,0.996,0.9975,1,0.989,0.987,1,0.97,0.904,0.1645,0.865,0.9785,0.081,0.3695,0.995,1,1,0.011,0.9955,1,1,0.9815,0.962,1
1,1,1,0.9735,1,1,0.9975,1,0.9955,0.9925,1,0.987,0.913,0.132,0.8895,0.9865,0.085,0.42,0.998,1,1,0.531,0.9995,1,1,0.985,0.947,1
1,1,1,0.9285,1,0.999,0.997,1,0.995,0.999,1,0.998,0.967,0.015,0.882,0.9605,0.0575,0.519,0.9935,1,1,0.0135,0.9965,1,1,0.994,0.8745,1
1,0.9995,1,0.6465,1,1,1,1,0.997,0.9325,1,0.9365,0.6785,0.081,0.842,0.6845,0.3425,0.069,0.999,1,1,0.006,0.999493671,1,1,0.814,1,1
1,0.996,1,0.677,1,1,1,1,0.997,0.933,1,0.938,0.6645,0.8655,0.8075,0.7125,0.5055,0.069,0.9895,1,1,0.006,1,1,1,0.821,0.999,0.993
1,1,1,0.9485,1,0.9995,0.997,1,0.995,0.9895,1,0.9935,0.914,0.045,0.877,0.9665,0.0725,0.3855,0.996,1,1,0.0105,0.998481013,1,1,0.9835,0.959,1
1,1,1,0.9265,1,1,0.998,1,0.9995,0.9905,1,0.9985,0.9025,0.021,0.9025,0.949,0.0945,0.3585,1,1,1,0.0125,0.998987342,1,1,0.9815,0.9755,0.9975
1,1,0.9885,0.9965,1,1,0.9955,1,0.9485,0.9985,1,0.9775,0.997,0.936,0.8315,0.999,0.1355,0.764,0.9965,1,1,0,1,1,1,0.998,0.496,1
1,1,0.9885,0.9965,1,1,0.9955,1,0.9485,0.9985,1,0.9765,0.997,0.944,0.8325,0.999,0.135,0.7515,0.9965,1,1,0,1,1,1,0.998,0.515,0.9995
1,1,0.9905,0.9965,0.99949975,1,0.9955,1,0.95,0.9985,1,0.978,0.997,0.925,0.833,0.999,0.133,0.7485,0.996,1,1,0,1,1,1,0.998,0.5215,0.9995
1,1,0.9955,0.9955,0.9995,1,0.9955,1,0.953,0.999,1,0.99,0.9985,0.8565,0.838,0.999,0.1215,0.8025,0.996,1,1,0,1,1,1,0.9995,0.4405,0.999
1,1,0.98,0.9955,1,1,0.995,1,0.947,0.998,0.9995,0.9295,0.988,0.926,0.79,0.999,0.136,0.736,0.996,1,0.999,0,1,1,1,0.998,0.514,1
1,1,0.9935,0.996,1,1,0.996,1,0.9505,0.9985,1,0.978,0.9935,0.9075,0.831,0.999,0.135,0.7485,0.996,1,1,0,1,1,1,0.998,0.5495,0.9995
1,1,0.9835,0.9955,1,1,0.9945,1,0.9475,0.999,1,0.981,0.9995,0.875,0.7975,0.9995,0.127,0.908,0.9965,1,0.979,0,1,1,1,0.999,0.1525,1
1,1,0.989,0.9965,1,1,0.9955,1,0.9495,0.9985,1,0.9785,0.997,0.94,0.829,0.999,0.135,0.7725,0.996,1,1,0,1,1,1,0.998,0.4875,1
1,1,0.973,0.995,1,1,0.9955,1,0.947,0.998,0.9995,0.9405,0.985,0.975,0.79,0.999,0.143,0.7365,0.9955,1,1,0.0015,1,1,1,0.998,0.5665,1
1,1,0.982,0.9955,1,1,0.9955,1,0.948,0.999,1,0.97,0.9965,0.783,0.794,0.9995,0.1435,0.8265,0.9975,1,0.995,0,1,1,1,0.9985,0.323,1
1,1,0.9785,0.995,1,1,0.995,1,0.945,0.999,0.9995,0.955,0.9915,0.921,0.7835,0.999,0.1435,0.8195,0.996,1,0.995,0.0005,1,1,1,0.998,0.388,1
1,1,0.979,0.995,1,1,0.996,1,0.949,0.9985,1,0.953,0.99,0.9805,0.798,0.999,0.1415,0.752,0.996,1,1,0,1,1,1,0.998,0.537,1
1,1,0.8895,0.997,1,0.9995,0.986,1,0.9015,0.998,0.996,0.907,0.9875,0.9465,0.764,1,0.131,0.759,0.9945,1,0.9975,0,1,1,1,0.9975,0.4945,1
1,1,0.9495,0.997,1,1,0.9935,1,0.9215,0.9985,0.996,0.9295,0.9915,0.8545,0.761,1,0.1365,0.7935,0.995,1,0.996,0,1,1,1,0.9955,0.437,1
1,1,0.9625,0.995,1,1,0.994,1,0.944,0.999,0.999,0.9515,0.9925,0.953,0.7775,0.999,0.1495,0.8555,0.9965,1,0.9895,0.0065,1,1,1,0.999,0.314,1
1,1,0.984,0.9955,1,0.9995,0.9945,1,0.946,0.998,0.9995,0.963,0.974,0.958,0.7895,1,0.1225,0.609,0.995,1,1,0,1,1,1,0.9975,0.767,1
1,1,0.9775,0.9955,1,1,0.995,1,0.945,0.999,0.999,0.976,0.9875,0.898,0.785,0.9995,0.137,0.701,0.996,1,1,0,1,1,1,0.998,0.624,1
1,1,0.9715,0.995,1,1,0.995,1,0.945,0.999,0.9995,0.961,0.9915,0.9385,0.7805,0.999,0.1435,0.804,0.996,1,0.9955,0,1,1,1,0.998,0.425,1
0.9995,1,0.6255,1,1,0.9915,0.744,1,0.8055,0.9665,0.9915,0.162,0.338,0.059,0.722,0.9515,0.1125,0.381,0.819,1,1,1,1,1,1,0.7795,0.98,1
0.9995,1,0.7155,1,1,0.9845,0.815,1,0.841,0.9565,0.99,0.0995,0.241,0.004,0.74,0.9265,0.134,0.3315,0.8855,1,1,1,1,1,1,0.721,0.9855,0.998
0.9995,1,0.9615,0.999,1,0.988,0.8,1,0.8885,0.9765,0.998,0.329,0.278,0.0005,0.8015,0.9385,0.1085,0.3445,0.831,1,1,1,1,1,1,0.731,0.988,0.9995
0.999,1,0.928,0.997,1,0.974,0.8935,1,0.899,0.9325,0.9965,0.1165,0.177,0.009,0.793,0.9195,0.1575,0.233,0.9305,1,1,1,1,1,1,0.623,0.997,0.9975
0.9985,1,0.982,0.9855,1,0.9805,0.895,1,0.9455,0.9755,0.9985,0.3415,0.204,0.834,0.841,0.921,0.166,0.2895,0.91,1,1,1,1,1,1,0.6495,0.9965,0.998
0.999,1,0.8775,0.997,1,0.978,0.8985,1,0.8965,0.948,0.9945,0.0985,0.176,0.231,0.7845,0.9135,0.1825,0.2585,0.9475,1,1,1,1,1,1,0.6365,0.995,0.998
1,1,0.9965,0.989,1,0.9845,0.8175,1,0.941,0.9735,0.9995,0.5515,0.2855,0.0025,0.844,0.9445,0.088,0.3125,0.8145,1,1,1,1,1,1,0.713,0.9895,1
0.9995,1,0.825,1,1,0.9415,0.9,1,0.8425,0.6855,0.9825,0.0265,0.1375,0,0.734,0.9325,0.1325,0.1025,0.962,1,1,0.996,1,1,1,0.4325,0.9985,0.974
0.9995,1,0.898,0.9985,1,0.9155,0.951,1,0.932,0.4755,0.9985,0.108,0.076,0.5245,0.755,0.944,0.1995,0.017,0.984,1,1,1,1,1,1,0.2685,1,0.9975
1,1,1,0.999,1,0.9035,0.8885,1,0.9545,0.3785,1,0.394,0.181,0,0.868,0.9915,0.0475,0.0375,0.8845,1,1,1,1,1,1,0.2135,1,0.986
1,1,0.999,0.998,1,0.9135,0.932,1,0.947,0.4005,1,0.3445,0.102,0,0.821,0.9675,0.106,0.0205,0.9395,1,1,1,1,1,1,0.2695,1,0.9885
0.992,0.9995,0.4625,0.9815,1,0.9895,0.815,1,0.8555,0.995,0.9775,0.258,0.2225,0.9915,0.67,0.89,0.2635,0.4575,0.9135,0.9995,1,1,1,1,1,0.769,0.9505,1
1,1,1,0.984,1,1,0.999,1,0.987,0.9905,1,0.991,0.894,0.248,0.8285,0.9435,0.072,0.3845,0.9875,1,1,0.9355,1,1,1,0.986,0.974,1
1,1,0.9955,0.9915,1,0.9995,0.9955,1,0.9645,0.9955,0.9995,0.913,0.8825,0.5985,0.778,0.997,0.1935,0.62,0.999,1,1,0.8975,1,1,1,0.9935,0.781,0.999
1,1,1,0.9905,1,0.977,0.996,1,0.984,0.8965,1,0.8785,0.6895,0.032,0.863,0.9955,0.0845,0.129,0.9955,1,1,0.729,1,1,1,0.8235,0.9985,1
1,1,0.999,0.984,1,0.9995,0.997,1,0.976,0.993,1,0.922,0.801,0.3895,0.8015,0.9955,0.139,0.467,0.996,1,1,1,1,1,1,0.9875,0.9265,1
1,1,1,0.94,1,0.994,0.997,1,0.9925,0.9765,1,0.941,0.571,0.602,0.8805,0.9595,0.139,0.2355,0.997,1,1,1,1,1,1,0.93,0.998,1
1,1,0.999,0.966,1,0.9975,0.9975,1,0.987,0.987,1,0.8725,0.6325,0.568,0.817,0.976,0.2345,0.405,1,1,1,1,1,1,1,0.9685,0.951,0.9975
1,1,1,0.975,1,0.967,0.996,1,0.992,0.8705,1,0.9545,0.665,0.0005,0.909,0.9825,0.068,0.0885,0.996,1,1,0.8935,1,1,1,0.771,1,0.999
1,1,1,0.971,1,0.999,0.997,1,0.9835,0.9915,1,0.943,0.7125,0.1775,0.821,0.987,0.133,0.426,0.996,1,1,1,1,1,1,0.981,0.955,1
1,1,1,0.9825,1,0.897,0.9845,1,0.9825,0.6885,1,0.9885,0.655,0,0.925,0.99,0.0355,0.054,0.978,1,1,0.566,0.9965,1,1,0.6125,0.9995,0.984
1,1,0.999,0.9845,1,1,0.997,1,0.9745,0.995,0.9995,0.9175,0.7885,0.1295,0.786,0.9955,0.1435,0.5135,0.9965,1,1,1,1,1,1,0.989,0.8735,1
1,1,1,0.9665,0.997,0.818,0.9675,1,0.9705,0.7395,1,1,0.694,0,0.948,0.972,0.001,0.085,0.9135,1,1,0.985,0.987,1,1,0.632,0.9995,0.96
1,1,0.9995,0.968,1,0.999,0.997,1,0.9775,0.992,1,0.931,0.7645,0.4055,0.815,0.989,0.122,0.4285,0.994,1,1,1,1,1,1,0.9795,0.946,1
1,1,1,0.8,1,0.9875,0.996,1,0.9905,1,1,1,0.9605,0.001,0.837,0.949,0.098,1,0.9735,1,0.0015,1,1,1,1,1,0.093,0.9955
1,1,1,0.8525,1,0.936,0.999,1,0.9665,0.7,1,0.9535,0.373,0.617,0.861,0.847,0.133,0.0175,0.9995,1,1,0.9995,1,1,1,0.579,1,0.9885
1,0.9995,1,0.8715,1,0.9655,0.9995,1,0.9925,0.868,1,0.89,0.4425,0.9965,0.7875,0.8695,0.303,0.05,0.9975,1,1,0.9305,1,1,1,0.7965,1,0.9715
1,1,1,0.9505,1,0.9245,0.996,1,0.9765,0.73,1,0.9925,0.623,0,0.9295,0.9505,0.0465,0.0405,0.9955,1,1,0.6995,1,1,1,0.647,1,0.9855
1,1,0.9895,0.9945,0.957,0.9985,0.9955,1,0.954,0.9955,0.9995,0.9105,0.9455,0.9365,0.7765,0.9995,0.129,0.5685,0.994,1,1,0.7165,1,1,1,0.9935,0.8335,1
1,1,0.9845,0.9955,0.9965,1,0.994,1,0.9525,0.998,0.999,0.9605,0.99,0.6015,0.7645,0.9995,0.1575,0.809,0.999,1,0.993,0,1,1,1,0.9985,0.3725,0.9995
1,1,0.985,0.9925,1,1,0.9945,1,0.948,0.998,0.9995,0.924,0.976,0.813,0.7385,0.9995,0.144,0.755,0.9955,1,0.995,0.7435,1,1,1,0.9975,0.533,1
1,1,1,0.989,1,1,0.997,1,0.9885,0.989,1,0.975,0.91,0.1075,0.848,0.989,0.121,0.4085,1,1,1,0.1195,1,1,1,0.987,0.95,0.9955
1,1,0.9985,0.985,0.994,1,0.9965,1,0.9925,0.9955,1,0.979,0.9325,0.711,0.8955,0.9905,0.15,0.451,1,1,1,0.603,1,1,1,0.9885,0.9455,0.9995
1,1,1,0.9795,1,1,0.9975,1,0.988,0.989,1,0.9825,0.8795,0.001,0.8455,0.99,0.103,0.4315,0.9995,1,1,0.985,1,1,1,0.985,0.9355,0.9995
1,1,0.9995,0.985,1,1,0.997,1,0.9885,0.9905,1,0.9665,0.9345,0.2025,0.843,0.99,0.146,0.4665,1,1,1,0.0285,1,1,1,0.9855,0.902,0.999
1,1,1,0.9845,1,1,0.997,1,0.989,0.9915,1,0.975,0.93,0.122,0.846,0.99,0.136,0.465,1,1,1,0.1815,1,1,1,0.9865,0.9115,0.999
1,1,0.9995,0.986,1,1,0.9975,1,0.992,0.9955,1,0.979,0.936,0.382,0.869,0.992,0.1775,0.5155,1,1,1,0.5085,1,1,1,0.989,0.864,0.999
1,1,1,0.89,1,1,0.9995,1,0.9995,0.973,1,0.9525,0.834,0.762,0.9225,0.9145,0.266,0.2235,0.9995,1,1,0.035,1,1,1,0.9355,0.9895,0.9975
1,1,1,0.925,1,0.994,0.998,1,0.9965,0.968,1,0.98,0.7425,0.1415,0.92,0.945,0.102,0.1955,1,1,1,0.9905,1,1,1,0.9145,0.9975,0.9995
1,1,0.9995,0.993,1,1,0.994,1,0.962,0.999,0.9985,0.9775,0.9725,0.0005,0.756,0.999,0.1085,0.849,0.997,1,0.934,0.9385,1,1,1,0.9965,0.3875,1
1,1,1,0.9365,1,0.9975,0.998,1,0.9955,0.9815,1,0.982,0.827,0.016,0.898,0.956,0.1185,0.275,1,1,1,0.8105,1,1,1,0.955,0.9905,0.9975
1,1,1,0.9625,1,0.9995,0.998,1,0.986,0.989,1,0.9445,0.8225,0.42,0.83,0.9825,0.1145,0.407,0.9975,1,1,0.9995,1,1,1,0.9805,0.9525,1
1,1,1,0.949,1,1,0.998,1,0.9985,0.99,1,0.994,0.869,0.02,0.9055,0.963,0.1135,0.3715,1,1,1,0.978,1,1,1,0.977,0.9695,0.9985
1,1,1,0.983,1,1,0.9975,1,0.988,0.991,1,0.979,0.926,0.0005,0.8355,0.9895,0.143,0.494,1,1,1,0.3575,1,1,1,0.9865,0.8555,0.9985
1,1,1,0.985,1,1,0.997,1,0.9915,0.994,1,0.982,0.9355,0.0015,0.854,0.991,0.169,0.5515,1,1,0.9995,0.6195,1,1,1,0.9895,0.789,0.999
1,1,1,0.9745,1,1,0.995,1,0.9975,0.9965,1,0.9895,0.8745,0.2575,0.894,0.983,0.1305,0.516,0.9995,1,1,0.9995,1,1,1,0.986,0.8675,1
1,0.998,1,0.695,1,0.9935,1,1,0.997,0.9165,1,0.9345,0.6235,0.957,0.807,0.7325,0.4565,0.056,0.99,1,1,0.0775,1,1,1,0.8045,1,0.988
1,1,1,0.949,1,0.92,0.996,1,0.9695,0.6885,1,0.9735,0.4445,0.0005,0.8885,0.95,0.067,0.0275,0.9955,1,1,0.9955,1,1,1,0.6175,1,0.985
1,1,1,0.878,1,0.961,0.999,1,0.9935,0.8855,1,0.969,0.585,0.059,0.853,0.8775,0.152,0.058,0.9995,1,1,0.73,1,1,1,0.8185,1,0.9785
1,1,0.996,0.9775,1,0.9985,0.994,1,0.965,0.996,0.998,0.811,0.911,0.674,0.7945,0.9965,0.1335,0.7015,0.994,1,0.988,1,1,1,1,0.9875,0.6215,1
1,1,0.9885,0.9935,1,1,0.799,1,0.8415,0.9625,0.968,0.7165,0.633,0,0.742,0.9395,0.0455,0.892,0.9025,1,0.3155,1,1,1,1,0.871,0.278,1
1,1,1,0.9955,1,0.9975,0.967,1,0.904,0.4995,0.9995,0.99,0.407,0,0.8175,0.9475,0,0.084,0.324,1,1,1,1,1,1,0.1195,1,0.731
1,1,0.998,0.953,0.9735,0.997,0.755,1,0.934,0.531,0.9945,0.8525,0.362,0.014,0.952,0.985,0.0425,0.0805,0.7785,1,1,1,0.993417722,1,1,0.248,1,1
1,1,1,0.9185,1,1,0.8955,1,0.9485,0.912,0.9725,0.9545,0.553,0,0.933,0.896,0.024,0.7475,0.9605,1,0.3295,1,0.99443038,1,0.9465,0.6045,0.3765,0.9925
1,1,0.997,0.9595,1,1,0.807,1,0.9265,0.8985,0.941,0.9875,0.6875,0.2225,0.954,0.908,0.102,0.737,0.9375,1,0.4695,1,0.997974684,1,0.9965,0.643,0.4425,1
1,1,0.9675,0.971,1,1,0.7865,1,0.9245,0.8675,0.9455,0.9885,0.6645,0.7585,0.9545,0.918,0.1475,0.6955,0.924,1,0.659,1,0.9985,1,0.997,0.5935,0.5185,1
0.9975,1,0.712,0.988,1,0.9865,0.8685,1,0.8735,0.978,0.994,0.3315,0.2685,0.0725,0.685,0.9335,0.206,0.323,0.8935,1,1,1,0.986329114,1,1,0.839,0.9895,1
0.9975,1,0.4485,0.996,1,0.9995,0.8215,1,0.8105,0.99,0.972,0.2265,0.358,0.7975,0.66,0.926,0.218,0.551,0.924,1,1,0.9995,0.993924051,1,1,0.8915,0.874,1
1,1,0.989,0.991,1,1,0.996,1,0.9605,0.9965,0.9995,0.875,0.891,0.6385,0.777,0.998,0.18,0.6205,0.996,1,1,0.418,1,1,1,0.9955,0.7905,1
1,1,0.9895,0.9935,1,1,0.995,1,0.959,0.997,0.9995,0.919,0.95,0.8215,0.7715,0.999,0.197,0.7595,0.999,1,0.994,0,1,1,1,0.9955,0.5605,0.9995
1,1,0.996,0.989,1,0.9995,0.996,1,0.9635,0.993,0.9995,0.837,0.8465,0.819,0.768,0.998,0.151,0.5515,0.995,1,1,0.452,0.999493671,1,1,0.991,0.836,1
0.9995,1,0.9885,0.9745,1,1,0.9965,1,0.964,0.9935,0.9985,0.7535,0.69,0.2095,0.774,0.988,0.2405,0.554,0.9975,1,1,0.9565,0.998987342,1,1,0.985,0.866,1
1,1,0.9965,0.986,1,0.9995,0.9955,1,0.965,0.994,0.9995,0.8405,0.827,0.804,0.772,0.997,0.151,0.548,0.995,1,1,0.6455,0.998987342,1,1,0.9915,0.846,1
1,1,0.9965,0.9855,1,1,0.9965,1,0.9695,0.9975,0.9995,0.9015,0.8345,0.8085,0.783,0.997,0.1655,0.644,0.9965,1,1,0.7645,0.999493671,1,1,0.994,0.763,1
1,1,0.9985,0.9885,1,0.9985,0.9955,1,0.968,0.9915,1,0.8785,0.8485,0.6355,0.7845,0.998,0.1295,0.5205,0.994,1,1,0.39,0.9985,1,1,0.991,0.8705,1
1,1,0.9985,0.9855,1,0.9985,0.9955,1,0.9685,0.9935,1,0.8915,0.8515,0.6845,0.786,0.9975,0.1245,0.529,0.9925,1,1,0.5535,0.998,1,1,0.992,0.865,1
1,1,0.9985,0.971,1,0.9995,0.9965,1,0.963,0.999,0.999,0.936,0.916,0.74,0.755,0.996,0.1395,0.8255,0.9895,1,0.9905,0.8085,0.9985,1,1,0.9985,0.5145,1
1,1,0.9985,0.9505,1,0.999,0.998,1,0.9605,0.977,0.9935,0.8565,0.4675,0.3325,0.6365,0.9465,0.2015,0.27,0.983,1,1,0.992,0.995443038,1,1,0.9715,0.996,1
0.9995,0.9995,0.99,0.9485,1,0.9965,0.997,1,0.963,0.985,0.9905,0.847,0.52,0.9865,0.6555,0.978,0.2915,0.3665,0.998,1,1,0.7505,0.996962025,1,1,0.9685,0.9775,0.998
1,1,1,0.995,0.995,0.9515,1,1,0.677,0.9995,0.724,0.9955,0.968,0.0005,0.264,0.3725,0.007,0.9015,0.3335,1,0.999,0.9995,0.999493671,1,1,0.9995,0.4155,1
1,1,0.9975,0.98,1,1,0.9965,1,0.9665,0.998,0.999,0.9165,0.796,0.875,0.749,0.9955,0.172,0.5845,0.9955,1,1,0.7995,0.999493671,1,1,0.994,0.829,1
1,1,0.9845,0.9955,0.9965,1,0.994,1,0.9515,0.998,0.999,0.9595,0.9895,0.602,0.763,0.9995,0.1585,0.81,0.999,1,0.9935,0,1,1,1,0.9985,0.376,0.9995
1,1,0.9925,0.995,1,1,0.995,1,0.961,0.9985,0.9995,0.962,0.9915,0.711,0.768,0.9995,0.117,0.79,0.996,1,0.995,0,1,1,1,0.999,0.4205,1
1,1,1,0.9845,1,1,0.997,1,0.9905,0.9925,1,0.9815,0.939,0.341,0.866,0.9905,0.122,0.4515,1,1,1,0.018,1,1,1,0.9865,0.924,0.9995
1,1,0.998,0.985,0.994,1,0.9965,1,0.9925,0.9955,1,0.9765,0.926,0.6045,0.8915,0.99,0.1565,0.4515,1,1,1,0.7325,1,1,1,0.9885,0.947,0.9995
1,1,1,0.9805,1,1,0.997,1,0.9935,0.993,1,0.9955,0.945,0.0055,0.886,0.9905,0.0875,0.4465,1,1,1,0,1,1,1,0.987,0.925,0.9995
1,1,0.9995,0.9855,1,1,0.997,1,0.989,0.991,1,0.9715,0.939,0.16,0.847,0.99,0.1375,0.4665,1,1,1,0.0055,1,1,1,0.985,0.903,0.999
1,1,1,0.8905,1,1,0.9995,1,0.9995,0.973,1,0.953,0.834,0.76,0.923,0.916,0.2625,0.223,0.9995,1,1,0.0295,1,1,1,0.936,0.9905,0.9975
1,1,1,0.9735,1,0.9985,0.997,1,0.9885,0.9845,1,0.965,0.9075,0.094,0.858,0.9865,0.0835,0.368,0.996,1,1,0,0.997468354,1,1,0.981,0.9585,1
1,1,1,0.9925,1,1,1,1,0.9615,0.8235,0.9975,0.996,0.7075,0,0.7125,0.501,0.0215,0.112,0.855,1,1,0.6305,1,1,1,0.9945,0.999,0.991
1,1,0.9985,0.978,1,1,0.997,1,0.974,0.9935,0.999,0.9065,0.9255,0.7275,0.796,0.991,0.1195,0.522,0.9975,1,1,0.945,0.998987342,1,1,0.9875,0.8355,1
1,1,1,0.9605,1,1,0.997,1,0.996,0.9895,1,0.9965,0.9195,0.013,0.9065,0.9725,0.0775,0.387,1,1,1,0.0225,0.999493671,1,1,0.9835,0.9605,0.9995
1,1,1,0.9785,1,1,0.997,1,0.989,0.988,1,0.9845,0.948,0.0005,0.848,0.9855,0.096,0.4475,0.9995,1,1,0,1,1,1,0.984,0.8885,0.9985
1,1,1,0.985,1,1,0.997,1,0.992,0.994,1,0.9865,0.947,0.002,0.864,0.9915,0.153,0.536,1,1,1,0.1235,1,1,1,0.99,0.801,0.999
1,1,1,0.979,1,1,0.9945,1,0.9985,0.9965,1,0.9975,0.93,0.127,0.9045,0.9875,0.097,0.489,1,1,1,0.85,1,1,1,0.987,0.8835,1
1,0.9995,1,0.6585,1,1,1,1,0.997,0.9365,1,0.9545,0.68,0.8165,0.826,0.7055,0.3935,0.07,0.9955,1,1,0.0045,1,1,1,0.8225,0.999,0.9975
1,1,0.999,1,1,0.999,1,1,0.85,0.2045,0.959,0.331,0.1105,0.5715,0.4875,0.523,0.197,0,0.895,1,1,0.735,1,1,1,0,1,0.968
1,1,1,0.9645,1,0.997,0.9975,1,0.99,0.987,1,0.97,0.904,0.1665,0.865,0.978,0.082,0.369,0.995,1,1,0.0105,0.995949367,1,1,0.9805,0.9625,1
1,1,1,0.948,1,1,0.997,1,0.995,0.9895,1,0.9935,0.9165,0.0425,0.877,0.9665,0.0725,0.3875,0.996,1,1,0.0105,0.998481013,1,1,0.984,0.9585,1
1,1,0.989,0.9965,1,1,0.9955,1,0.949,0.9985,1,0.9785,0.997,0.935,0.8315,0.999,0.135,0.762,0.996,1,1,0,1,1,1,0.998,0.5005,1
1,1,0.989,0.9965,0.9995,1,0.9955,1,0.9485,0.9985,1,0.9795,0.997,0.919,0.8305,0.999,0.1355,0.7795,0.9965,1,1,0,1,1,1,0.9985,0.4615,1
1,1,0.9845,0.996,1,1,0.995,1,0.9465,0.999,1,0.9825,0.9985,0.8605,0.8285,0.999,0.14,0.837,0.9975,1,0.9865,0,1,1,1,0.999,0.288,1
1,1,0.9905,0.9965,1,1,0.9955,1,0.9505,0.9985,1,0.979,0.997,0.9335,0.8325,0.999,0.1335,0.76,0.996,1,1,0,1,1,1,0.998,0.5045,1
1,1,0.9915,0.996,1,1,0.9955,1,0.951,0.9985,1,0.983,0.997,0.9355,0.832,0.999,0.133,0.778,0.996,1,1,0,1,1,1,0.998,0.4775,1
1,1,0.976,0.9965,1,1,0.9955,1,0.948,0.9985,1,0.9745,0.997,0.981,0.831,0.999,0.144,0.771,0.9975,1,1,0,1,1,1,0.9985,0.4725,0.9995
1,1,0.9885,0.9965,1,1,0.9955,1,0.9485,0.9985,1,0.978,0.997,0.9375,0.8315,0.999,0.1355,0.768,0.9965,1,1,0,1,1,1,0.998,0.4905,1
1,1,0.99,0.9965,0.9995,1,0.9955,1,0.9505,0.9985,1,0.9805,0.997,0.9395,0.8325,0.999,0.134,0.7675,0.996,1,1,0,1,1,1,0.998,0.4915,1
1,1,0.9875,0.9965,1,1,0.9955,1,0.9485,0.9985,1,0.977,0.997,0.948,0.833,0.999,0.135,0.7585,0.9965,1,1,0,1,1,1,0.9985,0.501,1
1,1,0.99,0.9965,0.99949975,1,0.9955,1,0.95,0.9985,1,0.979,0.997,0.936,0.833,0.999,0.1335,0.76,0.996,1,1,0,1,1,1,0.9985,0.499,1
0.9985,1,0.407,0.9985,1,1,0.9695,1,0.847,0.9975,0.989,0.8085,0.9795,0.998,0.737,1,0.189,0.8325,0.994,1,0.965,0.614,1,1,1,0.996,0.3665,1
1,1,0.981,0.9955,1,1,0.995,1,0.947,0.998,0.9995,0.9315,0.9885,0.92,0.7925,0.999,0.1345,0.7275,0.996,1,1,0,1,1,1,0.998,0.5255,1
1,1,0.989,0.9965,1,1,0.9955,1,0.949,0.9985,1,0.979,0.997,0.941,0.829,0.999,0.135,0.776,0.9965,1,1,0,1,1,1,0.998,0.4795,1
1,1,1,0.997,1,1,1,1,0.8675,0.992,0.949,0.9975,0.953,0.0005,0.536,0.6215,0.0085,0.456,0.687,1,1,0.005,0.997974684,1,1,0.999,0.932,0.999
1,1,0.989,0.9955,1,1,0.995,1,0.95,0.999,1,0.9665,0.996,0.8585,0.7975,0.999,0.13,0.821,0.9965,1,0.9955,0,1,1,1,0.999,0.352,1
1,1,0.978,0.9955,1,1,0.996,1,0.949,0.999,1,0.9615,0.9945,0.9815,0.802,0.999,0.141,0.793,0.9965,1,0.998,0,1,1,1,0.9985,0.4235,1
1,1,0.9855,0.9955,1,1,0.9955,1,0.9475,0.999,1,0.971,0.996,0.8345,0.801,0.999,0.1435,0.819,0.9975,1,0.9965,0,1,1,1,0.9985,0.365,1
1,1,0.98,0.995,1,1,0.995,1,0.9465,0.9985,0.9995,0.946,0.993,0.9285,0.79,0.999,0.1345,0.801,0.996,1,0.9955,0,1,1,1,0.9985,0.382,1
1,1,0.9765,0.995,1,1,0.995,1,0.9465,0.999,0.9995,0.957,0.9955,0.9475,0.7915,0.999,0.135,0.834,0.996,1,0.993,0,1,1,1,0.999,0.307,1
1,1,0.9855,0.995,1,1,0.9945,1,0.95,0.999,0.9995,0.9645,0.996,0.9,0.796,0.999,0.1295,0.845,0.9965,1,0.994,0,1,1,1,0.999,0.3035,1
1,1,0.9705,0.9955,1,1,0.996,1,0.948,0.999,0.9995,0.969,0.9915,0.9935,0.7895,0.999,0.137,0.721,0.996,1,1,0,1,1,1,0.999,0.5775,1
1,1,0.9755,0.9955,1,1,0.9955,1,0.945,0.999,0.999,0.979,0.9915,0.933,0.7855,0.9995,0.1405,0.7325,0.997,1,1,0,1,1,1,0.999,0.558,1
1,1,0.999,0.9985,1,1,0.9995,1,0.7565,0.987,0.879,0.9405,0.9625,0.0155,0.5485,0.987,0.0425,0.519,0.778,1,1,0,1,1,1,1,0.865,1
1,1,0.986,0.9955,1,1,0.9955,1,0.9495,0.999,0.9995,0.971,0.996,0.886,0.796,0.999,0.1295,0.819,0.9965,1,0.9965,0,1,1,1,0.999,0.3635,1
1,1,0.9895,0.9965,1,1,0.9955,1,0.949,0.9985,1,0.9755,0.996,0.9365,0.83,0.999,0.1365,0.7565,0.996,1,1,0,1,1,1,0.9975,0.515,1
1,1,0.9895,0.9965,1,1,0.9955,1,0.949,0.9985,1,0.9755,0.9955,0.9415,0.8305,0.999,0.1365,0.745,0.996,1,1,0,1,1,1,0.9975,0.534,1
1,1,0.9905,0.9965,1,1,0.9955,1,0.9495,0.9985,1,0.9755,0.9955,0.926,0.831,0.999,0.134,0.745,0.996,1,1,0,1,1,1,0.998,0.5395,0.9995
1,1,0.9715,0.9955,1,1,0.996,1,0.949,0.999,1,0.9625,0.9945,0.9795,0.796,0.999,0.1395,0.7895,0.9965,1,0.997,0,1,1,1,0.999,0.4185,1
1,1,0.982,0.9955,1,1,0.9955,1,0.948,0.999,1,0.97,0.9965,0.783,0.794,0.9995,0.1435,0.8265,0.9975,1,0.995,0,1,1,1,0.9985,0.323,1
1,1,0.963,0.997,1,0.9995,0.9915,1,0.9395,0.998,0.9995,0.945,0.9925,0.878,0.7985,1,0.118,0.7215,0.996,1,1,0,1,1,1,0.998,0.5115,1
1,1,0.9335,0.997,1,0.9995,0.9885,1,0.932,0.998,0.997,0.966,0.981,0.9685,0.7865,1,0.1135,0.58,0.995,1,1,0,1,1,1,0.996,0.7615,1
1,1,0.979,0.9955,1,1,0.996,1,0.949,0.999,1,0.963,0.9945,0.9845,0.8025,0.999,0.139,0.784,0.9965,1,0.9995,0,1,1,1,0.999,0.4395,1
1,1,0.962,0.997,1,0.9995,0.992,1,0.9395,0.9975,0.9995,0.9355,0.99,0.8815,0.798,1,0.1185,0.697,0.996,1,1,0,1,1,1,0.998,0.5615,1
1,1,0.9895,0.9955,1,1,0.9955,1,0.9495,0.999,1,0.967,0.995,0.842,0.798,0.999,0.1305,0.803,0.9965,1,0.997,0,1,1,1,0.999,0.404,1
1,1,0.907,0.997,1,0.9995,0.9895,1,0.9305,0.999,0.996,0.9685,0.9995,0.9805,0.797,0.999,0.1235,0.9065,0.9955,1,0.981,0,1,1,1,0.999,0.138,1
1,1,0.964,0.9965,1,0.9995,0.9925,1,0.9415,0.999,0.9995,0.9665,0.9985,0.915,0.8015,1,0.1175,0.8105,0.996,1,0.997,0,1,1,1,0.9985,0.3515,1
1,1,0.888,0.997,1,1,0.9875,1,0.905,0.999,0.994,0.965,0.9995,0.982,0.779,1,0.123,0.9045,0.995,1,0.974,0,1,1,1,0.9985,0.1475,1
1,1,0.9995,0.997,1,0.9995,0.9985,1,0.916,0.999,0.9925,0.9935,0.9965,0.052,0.734,0.9895,0.0595,0.6925,0.962,1,1,0,1,1,1,0.9955,0.5975,1
1,1,0.984,0.9955,1,1,0.9945,1,0.948,0.999,1,0.98,0.9995,0.8745,0.7975,0.9995,0.1265,0.893,0.9965,1,0.984,0,1,1,1,0.999,0.1785,1
1,1,1,1,1,0.985,1,1,0.074,0.9975,0.008,0.9745,0.9725,0,0.003,0.089,0.01,0.9995,0.0235,1,0.0015,0.9995,1,1,1,0.0785,0.068,0.642
1,1,0.9775,0.9955,1,1,0.9955,1,0.945,0.999,0.999,0.98,0.992,0.9095,0.7875,0.9995,0.1365,0.7285,0.997,1,1,0,1,1,1,0.999,0.565,1
1,1,0.9635,0.997,1,0.9995,0.9915,1,0.9395,0.998,0.9995,0.942,0.993,0.874,0.799,1,0.118,0.7275,0.996,1,1,0,1,1,1,0.998,0.4965,1
1,1,0.9875,0.9955,1,1,0.9955,1,0.949,0.999,0.9995,0.9745,0.996,0.861,0.7965,0.999,0.1295,0.8115,0.9965,1,0.997,0,1,1,1,0.999,0.3755,1
1,1,0.989,0.996,1,1,0.9955,1,0.9495,0.9985,1,0.9805,0.997,0.9405,0.829,0.999,0.1345,0.7795,0.996,1,1,0,1,1,1,0.998,0.4735,1
1,1,0.987,0.996,1,1,0.9955,1,0.948,0.999,1,0.98,0.998,0.9405,0.826,0.999,0.1385,0.8085,0.997,1,1,0,1,1,1,0.999,0.4005,1
1,1,0.989,0.996,1,1,0.9955,1,0.9495,0.9985,1,0.9805,0.997,0.9365,0.829,0.999,0.1345,0.778,0.996,1,1,0,1,1,1,0.998,0.474,1
1,1,0.987,0.996,1,1,0.9955,1,0.949,0.999,1,0.98,0.998,0.948,0.8265,0.999,0.1385,0.812,0.9965,1,1,0,1,1,1,0.999,0.392,1
1,1,0.9895,0.9955,1,1,0.9955,1,0.949,0.999,1,0.974,0.995,0.782,0.7935,0.999,0.1365,0.8175,0.9965,1,0.996,0,1,1,1,0.9985,0.3695,1
1,1,0.973,0.9955,1,1,0.9955,1,0.9525,0.998,1,0.955,0.986,0.9595,0.8035,0.999,0.145,0.7105,0.9955,1,1,0.003,1,1,1,0.998,0.6215,1
1,1,0.9695,0.995,1,1,0.995,1,0.945,0.999,0.9995,0.95,0.9915,0.9565,0.784,0.999,0.147,0.8155,0.996,1,0.995,0.0005,1,1,1,0.998,0.399,1
1,1,0.9895,0.9955,1,1,0.9955,1,0.949,0.999,1,0.9745,0.995,0.702,0.7935,0.999,0.135,0.82,0.9965,1,0.996,0,1,1,1,0.9985,0.364,1
1,1,0.977,0.996,1,1,0.9955,1,0.9525,0.999,0.999,0.978,0.9965,0.8255,0.797,0.9995,0.1495,0.859,0.998,1,0.9935,0,1,1,1,0.999,0.2915,1
1,1,0.9885,0.9955,1,1,0.9955,1,0.951,0.999,1,0.9755,0.9965,0.8305,0.8035,0.999,0.1365,0.81,0.9965,1,0.997,0,1,1,1,0.9985,0.3855,1
1,1,0.9875,0.9955,1,1,0.9965,1,0.955,0.9985,1,0.9705,0.989,0.9965,0.8205,0.999,0.1365,0.6995,0.9955,1,1,0,1,1,1,0.998,0.63,1
1,1,0.976,0.996,1,1,0.9955,1,0.9515,0.999,0.999,0.9785,0.997,0.885,0.8045,0.999,0.1505,0.8545,0.998,1,0.9935,0,1,1,1,0.999,0.29,1
1,1,0.9715,0.9965,1,1,0.99,1,0.9245,0.999,0.998,0.9605,0.994,0.2235,0.7805,1,0.1305,0.826,0.9955,1,0.9885,0,1,1,1,0.9985,0.317,0.9995
1,1,0.993,0.9955,1,1,0.9945,1,0.9475,0.999,0.9995,0.9775,0.9955,0.252,0.7945,0.999,0.1325,0.8525,0.997,1,0.9875,0,1,1,1,0.9985,0.3005,1
1,1,0.987,0.9955,1,1,0.995,1,0.9525,0.999,0.998,0.9805,0.997,0.354,0.79,0.999,0.14,0.887,0.998,1,0.97,0,1,1,1,0.999,0.2205,1
1,1,0.981,0.9955,1,1,0.995,1,0.9455,0.999,0.9995,0.977,0.9865,0.895,0.7855,0.999,0.1355,0.6955,0.996,1,1,0,1,1,1,0.998,0.635,1
1,1,0.986,0.9955,1,0.999,0.9945,1,0.9465,0.998,0.9995,0.964,0.9735,0.957,0.79,1,0.122,0.607,0.995,1,1,0,1,1,1,0.9975,0.769,1
1,1,0.972,0.9955,1,1,0.9955,1,0.9505,0.999,0.9985,0.984,0.994,0.953,0.7865,0.999,0.1505,0.7805,0.998,1,0.9995,0,1,1,1,0.999,0.492,1
0.9995,1,0.6505,1,1,0.9895,0.747,1,0.8025,0.95,0.994,0.169,0.3485,0.3335,0.7205,0.9615,0.104,0.3465,0.8135,1,1,1,1,1,1,0.785,0.9825,1
1,1,0.9905,1,1,0.985,1,1,0.1835,1,0.0615,0.931,0.921,0.978,0.0145,0.4495,0.108,0.97,0.3105,1,0.28,1,1,1,1,0.002,0.2375,1
1,1,1,0.9845,0.9895,0.993,0.958,0.9985,0.6235,0.9735,0.8285,0.53,0.563,0.625,0.4995,0.3545,0.0015,0.7545,0.0005,1,0.9935,1,1,1,1,0.984,0.742,0.9985
0.999,1,0.9855,0.987,1,1,0.857,1,0.886,0.9955,0.9905,0.374,0.3445,0,0.7705,0.8985,0.1155,0.8425,0.9405,1,0.4825,1,1,1,1,0.816,0.4905,0.9985
0.9985,1,0.9505,0.9925,1,0.977,0.8995,1,0.9235,0.9655,0.998,0.216,0.193,0.602,0.8205,0.9165,0.1705,0.276,0.925,1,1,1,1,1,1,0.649,0.9965,0.998
1,1,0.984,0.9955,0.9995,1,0.9945,1,0.951,0.998,0.999,0.9595,0.989,0.613,0.762,0.9995,0.161,0.8105,0.999,1,0.9935,0,1,1,1,0.998,0.383,0.9995
1,1,1,0.99,1,1,1,1,0.98,0.822,0.9995,0.905,0.6355,0.076,0.74,0.6795,0.0935,0.0665,0.9945,1,1,0.9325,1,1,1,0.981,1,1
1,1,0.9965,0.992,1,0.9995,0.9955,1,0.968,0.996,1,0.9215,0.8795,0.572,0.783,0.997,0.1805,0.605,0.998,1,1,0.955,1,1,1,0.9935,0.8075,0.999
1,1,0.9975,0.991,0.994,0.9995,0.996,1,0.9795,0.9975,1,0.9505,0.8855,0.5345,0.8415,0.9965,0.164,0.501,0.996,1,1,0.986,1,1,1,0.991,0.929,1
1,1,0.999,0.9845,1,1,0.997,1,0.9745,0.995,0.9995,0.9145,0.7875,0.181,0.786,0.9955,0.144,0.5095,0.9965,1,1,1,1,1,1,0.989,0.8805,1
1,1,0.991,0.992,1,0.9995,0.9955,1,0.962,0.9955,0.9995,0.9045,0.887,0.753,0.7715,0.9975,0.216,0.6475,0.9995,1,0.997,0.8315,1,1,1,0.994,0.7375,0.999
1,1,1,0.9895,1,1,1,1,0.7385,0.1745,0.881,0.511,0.353,0,0.391,0.055,0,0.026,0.2125,1,1,1,1,1,1,1,1,0.9245
0.9995,1,0.98,0.9915,1,1,0.996,1,0.9715,0.998,0.999,0.9295,0.8745,0.9175,0.7855,0.9965,0.244,0.7465,1,1,0.9895,0.9945,1,1,1,0.995,0.6255,0.999
0.9995,1,0.9935,0.9705,1,0.998,0.997,1,0.9845,0.985,0.999,0.759,0.665,0.8475,0.791,0.98,0.3085,0.478,1,1,1,0.995,1,1,1,0.9735,0.8795,0.9965
1,1,1,0.9385,1,0.995,0.997,1,0.9915,0.9785,1,0.9245,0.554,0.7685,0.876,0.9565,0.1475,0.2475,0.9975,1,1,1,1,1,1,0.932,0.997,1
1,1,0.9995,0.967,1,0.997,0.9975,1,0.987,0.987,1,0.894,0.642,0.3865,0.8225,0.977,0.216,0.3885,1,1,1,1,1,1,1,0.968,0.9595,0.9975
1,1,1,0.972,1,0.999,0.9965,1,0.984,0.993,1,0.946,0.6985,0.1295,0.8205,0.9855,0.1375,0.4325,0.996,1,1,1,1,1,1,0.981,0.954,1
1,1,0.999,0.976,1,1,0.997,1,0.9825,0.9975,1,0.9495,0.71,0.4095,0.818,0.984,0.192,0.5545,0.998,1,1,1,1,1,1,0.988,0.859,0.9995
1,1,0.9965,0.99,1,1,0.996,1,0.9755,0.9975,0.999,0.958,0.862,0.004,0.788,0.996,0.204,0.791,1,1,0.9485,0.9995,1,1,1,0.9935,0.546,0.9995
1,1,0.9985,0.982,1,1,0.995,1,0.9775,0.9975,0.9985,0.949,0.802,0.787,0.821,0.988,0.1805,0.6305,0.9985,1,0.9995,1,1,1,1,0.99,0.758,1
0.9995,0.998,0.998,0.9045,1,0.963,0.9995,1,0.99,0.8765,0.9995,0.7645,0.457,0.999,0.7295,0.894,0.491,0.0625,0.988,1,1,0.4165,1,1,1,0.8115,1,0.964
1,1,1,0.949,1,0.925,0.996,1,0.9765,0.7345,1,0.9925,0.6185,0,0.929,0.944,0.0475,0.0395,0.996,1,1,0.7345,1,1,1,0.6505,1,0.985
1,1,1,0.891,1,0.9615,0.999,1,0.991,0.8795,1,0.9545,0.532,0.1615,0.837,0.887,0.167,0.056,0.9995,1,1,0.8785,1,1,1,0.819,1,0.978
1,1,0.9915,0.979,1,0.9995,0.9935,1,0.963,0.9955,0.998,0.7795,0.9735,0.601,0.808,0.9965,0.1355,0.871,0.9965,1,0.5995,0.9995,1,1,1,0.9905,0.261,1
1,1,0.9925,0.995,0.997,1,0.995,1,0.955,0.999,1,0.9705,0.9885,0.5785,0.7745,0.9995,0.1335,0.78,0.9965,1,0.995,0,1,1,1,0.998,0.4625,1
1,1,0.967,0.995,0.9905,1,0.996,1,0.959,0.998,0.9995,0.935,0.9755,0.6165,0.7795,0.9995,0.1555,0.6615,0.9955,1,1,0.4545,1,1,1,0.997,0.713,1
1,1,0.9925,0.9925,1,1,0.994,1,0.9525,0.998,0.9985,0.9455,0.9745,0.2795,0.749,0.9995,0.1315,0.7845,0.9965,1,0.9935,0.829,1,1,1,0.997,0.4915,1
1,1,0.992,0.995,0.9925,1,0.9945,1,0.953,0.999,0.9995,0.97,0.989,0.434,0.77,0.9995,0.1365,0.7925,0.9965,1,0.9945,0,1,1,1,0.998,0.4325,1
1,1,0.9935,0.995,1,1,0.9945,1,0.9545,0.999,1,0.9715,0.9895,0.379,0.774,0.9995,0.1315,0.789,0.9965,1,0.995,0.0015,1,1,1,0.998,0.4495,1
1,1,0.988,0.9955,1,1,0.9955,1,0.96,0.999,0.9985,0.9775,0.9915,0.516,0.771,0.9995,0.148,0.8525,0.999,1,0.9875,0.1415,1,1,1,0.9985,0.353,1
1,1,0.9985,0.985,0.995,1,0.997,1,0.992,0.9955,1,0.974,0.9315,0.961,0.884,0.991,0.153,0.4535,1,1,1,0.4075,1,1,1,0.989,0.937,0.999
1,1,1,0.9835,1,1,0.9975,1,0.989,0.9905,1,0.976,0.9305,0.0225,0.8405,0.9895,0.1425,0.4745,1,1,1,0.172,1,1,1,0.9865,0.8965,0.999
1,1,0.999,0.986,1,1,0.9975,1,0.9915,0.9965,1,0.979,0.936,0.8865,0.8765,0.9915,0.1735,0.487,1,1,1,0.5185,1,1,1,0.989,0.9075,0.999
1,1,0.9995,0.986,1,1,0.998,1,0.992,0.996,1,0.9805,0.936,0.3775,0.8735,0.9915,0.1775,0.516,1,1,1,0.6005,1,1,1,0.9895,0.8565,0.999
1,1,1,1,1,0.9995,1,1,0.668,0.9755,0.674,0.943,0.724,0,0.3065,0.3435,0.001,0.234,0.371,1,1,0.9705,1,1,1,0.127,0.997,0.9995
1,1,0.9995,0.972,1,0.996,0.998,1,0.9915,0.976,1,0.9225,0.89,0.0005,0.8405,0.979,0.203,0.378,1,1,1,0,1,1,1,0.968,0.9025,0.9945
1,1,0.998,0.9765,1,1,0.9925,1,0.982,0.9955,0.9985,0.9505,0.863,0.8,0.8335,0.987,0.158,0.616,0.998,1,0.996,1,1,1,1,0.988,0.738,1
1,1,1,0.966,1,0.999,1,1,0.837,0.458,0.9685,0.474,0.4245,0,0.452,0.043,0.001,0.0345,0.3975,1,1,1,1,1,1,1,1,0.6855
1,1,1,0.985,1,1,0.997,1,0.9915,0.9955,1,0.984,0.9335,0.0025,0.859,0.9915,0.168,0.554,1,1,0.9995,0.7655,1,1,1,0.9895,0.789,0.999
1,1,0.9715,0.988,1,1,0.991,1,0.9665,0.9985,0.9975,0.8305,0.9565,0.5885,0.8105,0.995,0.188,0.954,0.998,1,0.192,1,1,1,1,0.9955,0.158,1
1,1,0.996,0.9945,1,1,0.8265,1,0.8825,0.9625,0.9685,0.8365,0.737,0,0.762,0.952,0.0375,0.9155,0.922,1,0.228,1,0.996962025,1,1,0.9,0.1875,1
1,1,1,1,1,0.9935,1,1,0.0755,0.9935,0.041,0.992,0.969,0.0005,0.005,0.1225,0.0225,0.9995,0.0265,1,0,1,0.999493671,1,1,0.0155,0.051,0.9855
1,1,0.984,0.9955,1,1,0.9945,1,0.952,0.9985,0.999,0.9555,0.9895,0.705,0.771,0.9995,0.1635,0.831,0.999,1,0.99,0,1,1,1,0.998,0.337,0.9995
1,1,0.9925,0.995,1,1,0.995,1,0.959,0.998,0.9995,0.9575,0.9915,0.7305,0.767,0.9995,0.1195,0.7905,0.996,1,0.995,0,1,1,1,0.9985,0.4235,1
1,1,0.9955,0.993,1,1,0.9955,1,0.9615,0.9975,0.9995,0.9295,0.95,0.7785,0.7815,0.999,0.171,0.7255,0.997,1,0.9965,0.0035,1,1,1,0.9955,0.6355,0.9995
1,1,0.986,0.9935,0.994,0.9995,0.9965,1,0.975,0.9975,1,0.928,0.9245,0.161,0.824,0.9985,0.181,0.582,0.996,1,1,0.1455,1,1,1,0.9955,0.855,1
1,1,0.9835,0.9935,1,1,0.996,1,0.9665,0.998,0.9985,0.9475,0.9395,0.8715,0.7845,0.9985,0.2025,0.8265,1,1,0.9595,0.086,1,1,1,0.9965,0.484,0.9995
0.9995,1,0.995,0.982,1,1,0.9965,1,0.9665,0.995,0.998,0.8445,0.752,0.9525,0.7785,0.99,0.244,0.6635,0.999,1,0.9965,0.4535,0.999493671,1,1,0.99,0.7315,0.9995
1,1,0.9965,0.986,1,0.9995,0.9955,1,0.9645,0.994,0.9995,0.8405,0.826,0.8125,0.771,0.997,0.152,0.556,0.995,1,1,0.673,0.998987342,1,1,0.992,0.84,1
1,1,0.9965,0.984,1,1,0.9965,1,0.963,0.9965,0.9995,0.8745,0.815,0.8105,0.7735,0.9955,0.168,0.6155,0.996,1,1,0.6325,0.999493671,1,1,0.9935,0.787,1
1,1,0.9985,0.988,1,1,0.996,1,0.976,0.9985,0.9995,0.9485,0.8245,0.6595,0.8095,0.9925,0.1855,0.7085,0.998,1,0.9975,0.722,0.999493671,1,1,0.994,0.704,1
1,1,0.9985,0.992,1,1,0.995,1,0.967,0.998,0.9995,0.955,0.9305,0.0105,0.7845,0.999,0.148,0.774,0.998,1,0.989,0.0455,1,1,1,0.9955,0.57,0.9995
1,1,1,0.9915,1,1,0.9995,1,0.968,0.9995,0.9995,1,0.9275,0,0.772,0.868,0.0135,0.4865,0.7865,1,1,0.974,0.9995,1,1,0.955,0.928,0.9955
0.9995,1,0.9945,0.948,1,0.997,0.997,1,0.965,0.985,0.993,0.874,0.5205,0.9865,0.6635,0.977,0.2675,0.3665,0.9975,1,1,0.816,0.996962025,1,1,0.9685,0.979,0.999
1,1,0.9985,0.99,1,0.998,0.995,1,0.968,0.992,1,0.8855,0.886,0.4835,0.7935,0.998,0.1175,0.5365,0.9935,1,1,0.146,0.997974684,1,1,0.9915,0.8415,1
1,1,0.9985,0.9835,1,0.9985,0.9955,1,0.968,0.993,0.9995,0.89,0.818,0.738,0.7735,0.996,0.141,0.515,0.9925,1,1,0.669,0.998481013,1,1,0.992,0.8815,1
1,1,0.9775,0.991,1,1,0.994,1,0.963,0.997,0.997,0.804,0.974,0.5915,0.7725,0.998,0.1645,0.9405,0.9965,1,0.4035,0.9915,0.999493671,1,1,0.996,0.1715,1
1,1,0.9965,0.981,1,1,0.9965,1,0.962,0.9965,0.9985,0.883,0.8325,0.843,0.745,0.997,0.159,0.615,0.995,1,1,0.782,0.999493671,1,1,0.995,0.781,1
1,1,0.9495,0.9955,0.99,1,0.9955,1,0.961,0.998,0.9995,0.9445,0.9865,0.3925,0.783,0.9995,0.1565,0.7145,0.997,1,1,0.001,1,1,1,0.9985,0.6185,1
1,1,0.997,0.995,1,1,0.995,1,0.962,0.999,0.9995,0.9725,0.993,0.207,0.772,0.9995,0.1055,0.8235,0.996,1,0.9935,0,1,1,1,0.999,0.366,1
1,1,0.994,0.9955,0.984,1,0.9945,1,0.958,0.999,0.9995,0.977,0.993,0.3635,0.779,0.9995,0.1235,0.793,0.9965,1,0.9945,0,1,1,1,0.9985,0.413,1
1,1,0.9965,0.9955,1,1,0.9945,1,0.959,0.999,1,0.98,0.994,0.322,0.783,0.9995,0.1165,0.7915,0.9965,1,0.995,0,1,1,1,0.9985,0.416,1
1,1,0.991,0.9955,1,1,0.9955,1,0.961,0.999,0.999,0.981,0.994,0.4625,0.777,0.9995,0.139,0.854,0.999,1,0.9875,0.001,1,1,1,0.999,0.325,1
1,1,0.998,0.9855,0.994,1,0.997,1,0.9915,0.9955,1,0.97,0.923,0.8965,0.88,0.9905,0.17,0.4585,1,1,1,0.6585,1,1,1,0.988,0.9365,0.999
1,1,1,0.9845,1,1,0.997,1,0.9905,0.9925,1,0.983,0.9405,0.1505,0.8635,0.991,0.121,0.4585,1,1,1,0.012,1,1,1,0.9875,0.9185,0.999
1,1,0.999,0.9865,1,1,0.998,1,0.991,0.9965,1,0.977,0.9325,0.9525,0.8765,0.992,0.1775,0.4875,1,1,1,0.6455,1,1,1,0.989,0.9075,0.999
1,1,0.9995,0.986,1,1,0.9975,1,0.992,0.996,1,0.981,0.9365,0.356,0.8735,0.9915,0.17,0.513,1,1,1,0.538,1,1,1,0.9895,0.8605,0.999
1,1,0.998,0.982,1,1,0.9955,1,0.9755,0.9965,0.998,0.9235,0.925,0.735,0.814,0.9925,0.134,0.612,0.998,1,1,0.9965,0.999493671,1,1,0.9905,0.7315,1
1,1,1,0.994,1,1,1,1,0.962,0.806,0.994,0.9075,0.609,0.0875,0.6275,0.6695,0.0585,0.0675,0.961,1,1,0.028,0.997974684,1,1,0.967,1,1
1,1,0.995,0.9975,1,1,0.994,1,0.969,0.9995,0.999,0.6555,1,0.103,0.951,0.9985,0.1485,1,0.999,1,0,0.9935,1,1,0.9945,0.999,0,1
1,1,1,0.985,1,1,0.997,1,0.9935,0.995,1,0.989,0.944,0.002,0.872,0.992,0.148,0.5345,1,1,1,0.2125,1,1,1,0.99,0.8075,0.999
1,1,0.9805,0.992,1,1,0.9925,1,0.9635,0.998,0.9975,0.8315,0.992,0.5895,0.814,0.997,0.1555,0.9725,0.9985,1,0.156,0.993,1,1,1,0.9975,0.0685,1
1,1,0.988,0.996,1,1,0.995,1,0.947,0.999,1,0.983,0.9985,0.7955,0.829,0.999,0.1385,0.8365,0.9975,1,0.987,0,1,1,1,0.999,0.2895,1
1,1,0.9675,0.996,1,1,0.995,1,0.9455,0.9985,0.9995,0.98,0.9985,0.9705,0.828,0.999,0.149,0.8415,0.998,1,0.987,0,1,1,1,0.999,0.2635,1
1,1,0.9705,0.996,1,1,0.9955,1,0.9545,0.9985,0.998,0.9865,0.999,0.99,0.834,0.999,0.1525,0.8515,0.998,1,0.9885,0,1,1,1,0.999,0.2575,1
1,1,0.9665,0.995,1,1,0.9915,1,0.932,0.9985,0.996,0.9825,0.9675,0.1375,0.746,1,0.129,0.6105,0.996,1,1,0,1,1,1,0.9975,0.7545,1
0.9995,1,0.8465,0.996,1,1,0.993,1,0.947,0.9985,0.9965,0.988,0.9685,1,0.7515,0.9995,0.171,0.594,0.9975,1,1,0,1,1,1,0.9985,0.7905,1
1,1,0.9895,0.9965,0.9995,1,0.9955,1,0.95,0.9985,1,0.979,0.997,0.939,0.8325,0.999,0.1345,0.7685,0.996,1,1,0,1,1,1,0.998,0.4915,1
1,1,0.99,0.996,0.9995,1,0.9955,1,0.9495,0.9985,1,0.9795,0.997,0.91,0.83,0.999,0.1355,0.7805,0.9965,1,1,0,1,1,1,0.9985,0.463,1
1,1,0.984,0.996,1,1,0.995,1,0.9465,0.999,1,0.9795,0.998,0.84,0.826,0.999,0.142,0.8355,0.9975,1,0.9865,0,1,1,1,0.9995,0.304,1
1,1,0.99,0.9965,0.9995,1,0.9955,1,0.95,0.9985,1,0.9815,0.997,0.939,0.8325,0.999,0.134,0.769,0.996,1,1,0,1,1,1,0.998,0.491,1
1,1,0.9905,0.996,1,1,0.9955,1,0.951,0.9985,1,0.983,0.997,0.941,0.832,0.999,0.133,0.787,0.996,1,1,0,1,1,1,0.9985,0.463,1
0.9995,1,0.879,0.996,1,1,0.989,1,0.922,0.9985,0.9945,0.978,0.9795,0.744,0.7485,1,0.1515,0.608,0.998,1,1,0,1,1,1,0.998,0.726,1
1,1,0.998,0.9985,1,0.9995,0.974,1,0.789,0.8075,0.977,0.9235,0.8775,0,0.7085,1,0.014,0.3775,0.673,1,1,0.0365,1,1,1,1,0.974,0.916
0.9985,1,0.3855,0.9985,1,1,0.975,1,0.8595,0.9975,0.989,0.7765,0.9625,1,0.7395,1,0.219,0.772,0.9955,1,0.99,0.8595,1,1,1,0.9965,0.523,0.9995
0.9985,1,0.354,0.9985,1,1,0.9755,1,0.862,0.9975,0.989,0.817,0.9535,1,0.7275,1,0.225,0.7055,0.9955,1,0.9995,0.7955,1,1,1,0.996,0.657,0.9995
1,1,0.9855,0.996,1,1,0.9955,1,0.949,0.9985,1,0.9765,0.997,0.9685,0.829,0.999,0.1395,0.798,0.9965,1,1,0,1,1,1,0.998,0.4395,1
1,1,0.9865,0.996,1,1,0.9955,1,0.949,0.9985,1,0.9775,0.997,0.9685,0.829,0.999,0.139,0.799,0.996,1,1,0,1,1,1,0.998,0.438,1
1,1,0.9855,0.996,1,1,0.9955,1,0.949,0.9985,1,0.9765,0.997,0.971,0.829,0.999,0.1395,0.7955,0.9965,1,1,0,1,1,1,0.998,0.4455,1
1,1,0.987,0.996,1,1,0.9955,1,0.949,0.999,1,0.9775,0.997,0.9685,0.829,0.999,0.139,0.802,0.996,1,1,0,1,1,1,0.998,0.432,1
0.9985,1,0.436,0.9985,1,1,0.9745,1,0.867,0.9975,0.991,0.884,0.978,1,0.7435,1,0.203,0.8145,0.9945,1,0.9555,0.9965,1,1,1,0.997,0.422,1
1,1,0.9845,0.996,1,1,0.9955,1,0.9485,0.9985,1,0.9755,0.9975,0.971,0.8285,0.999,0.1395,0.8025,0.9965,1,1,0,1,1,1,0.9985,0.4175,1
1,1,0.9715,0.9955,1,1,0.996,1,0.949,0.999,1,0.9625,0.9945,0.9795,0.796,0.999,0.1395,0.7895,0.9965,1,0.997,0,1,1,1,0.999,0.4185,1
1,1,0.9825,0.9955,1,1,0.9955,1,0.948,0.999,1,0.9715,0.996,0.7685,0.7935,0.9995,0.142,0.8185,0.997,1,0.9955,0,1,1,1,0.999,0.355,1
1,1,0.9885,0.9955,1,1,0.9955,1,0.949,0.999,1,0.969,0.9955,0.8295,0.797,0.999,0.1295,0.807,0.9965,1,0.997,0,1,1,1,0.999,0.388,1
1,1,0.9865,0.9955,1,1,0.9955,1,0.947,0.999,1,0.972,0.9965,0.8265,0.8015,0.999,0.1425,0.817,0.9975,1,0.997,0,1,1,1,0.9985,0.372,1
1,1,0.9895,0.9955,1,1,0.9955,1,0.9495,0.999,1,0.967,0.995,0.835,0.7975,0.999,0.1305,0.799,0.9965,1,0.997,0,1,1,1,0.999,0.418,1
1,1,0.991,0.9955,1,1,0.995,1,0.95,0.999,1,0.972,0.9955,0.749,0.798,0.999,0.1275,0.8065,0.9965,1,0.997,0,1,1,1,0.999,0.3885,1
1,1,0.984,0.9955,1,1,0.9945,1,0.9475,0.999,1,0.9825,0.9995,0.856,0.7985,0.9995,0.1255,0.901,0.9965,1,0.982,0,1,1,1,0.999,0.1615,1
1,1,0.978,0.9955,1,1,0.996,1,0.948,0.999,0.9995,0.973,0.9915,0.989,0.7935,0.999,0.1315,0.7145,0.996,1,1,0,1,1,1,0.999,0.591,1
1,1,0.9775,0.9955,1,1,0.9955,1,0.945,0.999,0.999,0.98,0.992,0.9105,0.7875,0.9995,0.137,0.7285,0.997,1,1,0,1,1,1,0.999,0.5645,1
1,1,0.983,0.9955,1,1,0.995,1,0.9465,0.999,1,0.9565,0.996,0.905,0.794,0.999,0.128,0.8345,0.996,1,0.9925,0,1,1,1,0.999,0.3005,1
1,1,0.9875,0.9955,1,1,0.9955,1,0.949,0.999,1,0.975,0.996,0.852,0.797,0.999,0.129,0.809,0.9965,1,0.997,0,1,1,1,0.999,0.3815,1
1,1,0.9815,0.995,1,1,0.995,1,0.947,0.998,0.9995,0.9405,0.993,0.9105,0.781,0.9995,0.1325,0.7915,0.996,1,0.9955,0,1,1,1,0.998,0.404,1
1,1,0.9895,0.9955,1,1,0.9955,1,0.95,0.999,1,0.9765,0.9965,0.7835,0.797,0.999,0.134,0.8155,0.9965,1,0.996,0,1,1,1,0.9985,0.3715,1
1,1,0.9955,0.9955,1,1,0.995,1,0.953,0.999,0.9995,0.981,0.997,0.23,0.7995,0.999,0.1115,0.8555,0.9965,1,0.986,0,1,1,1,0.999,0.2745,1
1,1,0.9915,0.9955,1,1,0.9955,1,0.9515,0.999,1,0.9795,0.9965,0.677,0.8005,0.999,0.1315,0.819,0.9965,1,0.996,0,1,1,1,0.9985,0.3595,1
1,1,0.9815,0.9955,1,1,0.9955,1,0.941,0.999,0.9995,0.9695,0.997,0.734,0.7925,0.9995,0.139,0.8635,0.9965,1,0.9895,0,1,1,1,0.999,0.2565,1
1,1,0.989,0.9955,1,1,0.9955,1,0.951,0.999,1,0.976,0.9965,0.8305,0.804,0.999,0.136,0.81,0.9965,1,0.997,0,1,1,1,0.9985,0.386,1
1,1,0.9685,0.9955,1,1,0.996,1,0.9485,0.999,1,0.9605,0.9945,0.983,0.802,0.999,0.1435,0.7945,0.996,1,0.998,0,1,1,1,0.9985,0.4205,1
1,1,0.978,0.9955,1,1,0.9955,1,0.9465,0.999,1,0.9695,0.996,0.874,0.8,0.999,0.1495,0.8205,0.9975,1,0.996,0,1,1,1,0.9985,0.356,1
1,1,0.9895,0.9955,1,1,0.9955,1,0.951,0.999,1,0.9765,0.9965,0.77,0.803,0.999,0.1355,0.8135,0.997,1,0.997,0,1,1,1,0.9985,0.3765,1
0.9995,1,0.6055,0.9985,1,0.9975,0.99,1,0.6735,0,0.8885,0.0015,0.018,0.88,0.5955,0.6155,0.097,0.0005,0.8235,1,1,1,1,1,1,1,1,1
1,1,1,0.9975,1,0.9975,1,1,0.3005,0.9965,0.196,0.9895,0.9995,0.0005,0.164,0.543,0.002,1,0.2725,1,0.006,0.9955,1,1,1,1,0.012,1
1,1,0.9925,0.9955,1,1,0.995,1,0.9475,0.999,1,0.976,0.9975,0.504,0.7955,0.999,0.121,0.8455,0.9965,1,0.9895,0,1,1,1,0.999,0.277,1
1,1,0.9945,0.9955,1,1,0.995,1,0.952,0.999,1,0.9835,0.997,0.2425,0.7995,0.999,0.12,0.848,0.9965,1,0.991,0,1,1,1,0.999,0.2955,1
1,1,0.9895,0.9955,1,1,0.9955,1,0.9525,0.999,0.9985,0.9835,0.9975,0.338,0.7945,0.999,0.1355,0.8865,0.998,1,0.9765,0,1,1,1,0.999,0.2155,1
1,1,0.9745,0.996,1,1,0.995,1,0.954,0.999,0.9985,0.9735,0.9985,0.93,0.797,0.9995,0.139,0.884,0.9975,1,0.981,0,1,1,1,0.999,0.1965,1
1,1,0.983,0.9955,1,1,0.9955,1,0.947,0.999,0.9995,0.9835,0.9915,0.934,0.788,0.999,0.135,0.731,0.9965,1,1,0,1,1,1,0.999,0.57,1
1,1,0.99,0.9965,0.9995,1,0.9955,1,0.949,0.9985,1,0.978,0.997,0.9195,0.8295,0.999,0.1365,0.7755,0.996,1,1,0,1,1,1,0.9975,0.4845,1
1,1,0.984,0.996,1,1,0.995,1,0.9465,0.999,1,0.9795,0.998,0.901,0.826,0.999,0.143,0.835,0.9975,1,0.9875,0,1,1,1,0.999,0.306,1
1,1,0.99,0.9965,1,1,0.9955,1,0.9505,0.9985,1,0.9765,0.996,0.9365,0.8315,0.999,0.1345,0.753,0.996,1,1,0,1,1,1,0.9975,0.523,1
1,1,0.9525,0.9965,1,1,0.9955,1,0.9445,0.9985,0.9995,0.961,0.9935,0.997,0.823,0.999,0.1675,0.778,0.998,1,0.9995,0,1,1,1,0.998,0.485,0.9995
1,1,0.9465,0.9975,1,0.999,0.981,1,0.924,0.9965,0.997,0.974,0.9725,0.832,0.792,1,0.095,0.5255,0.9895,1,1,0,1,1,1,0.994,0.847,1
0.9995,1,0.88,0.9965,1,0.9995,0.9885,1,0.92,0.9985,0.994,0.974,0.9795,0.5755,0.753,1,0.1425,0.61,0.998,1,1,0,1,1,1,0.9975,0.7185,0.999
1,1,0.963,0.9975,0.9985,0.999,0.9815,1,0.931,0.997,0.9975,0.9785,0.9725,0.7355,0.7975,1,0.088,0.5175,0.9875,1,1,0,1,1,1,0.9945,0.8515,1
1,1,0.98,0.9995,1,0.997,0.999,1,0.462,0.999,0.604,0.9165,0.987,0.1435,0.3795,0.999,0.0475,0.987,0.5015,1,0.28,0.9725,1,1,1,1,0.124,1
1,1,0.99,0.996,1,1,0.9955,1,0.9495,0.9985,1,0.978,0.997,0.939,0.8285,0.999,0.135,0.772,0.996,1,1,0,1,1,1,0.9975,0.4965,1
1,1,0.997,0.9985,1,1,0.9995,1,0.791,0.999,0.84,0.9955,0.9995,0.0555,0.548,0.9725,0.0565,0.9215,0.9075,1,0.983,0,0.996962025,1,1,0.999,0.1255,0.9965
1,1,0.973,0.9955,1,1,0.996,1,0.953,0.998,1,0.9635,0.991,0.9715,0.8055,0.999,0.143,0.737,0.996,1,1,0,1,1,1,0.9985,0.563,1
1,1,0.9915,0.9955,1,1,0.995,1,0.951,0.999,1,0.9755,0.996,0.6705,0.798,0.999,0.121,0.817,0.9965,1,0.996,0,1,1,1,0.999,0.3605,1
1,1,0.991,0.997,1,1,0.9905,1,0.9405,0.998,0.999,0.9675,0.9915,0.5235,0.803,1,0.0925,0.6745,0.9925,1,1,0,1,1,1,0.998,0.61,1
1,1,0.9625,0.997,1,0.9995,0.992,1,0.9395,0.998,0.9995,0.9485,0.992,0.8825,0.798,1,0.118,0.709,0.996,1,1,0,1,1,1,0.998,0.54,1
1,1,0.989,0.9955,1,1,0.9955,1,0.951,0.999,1,0.976,0.9965,0.8305,0.804,0.999,0.136,0.81,0.9965,1,0.997,0,1,1,1,0.9985,0.386,1
1,1,0.987,0.9955,1,1,0.9965,1,0.9545,0.9985,1,0.9735,0.992,0.9965,0.8215,0.999,0.135,0.712,0.996,1,1,0,1,1,1,0.9985,0.6,1
1,1,0.9795,0.9955,1,1,0.9955,1,0.947,0.999,1,0.9695,0.996,0.867,0.8005,0.999,0.1475,0.8235,0.9975,1,0.996,0,1,1,1,0.9985,0.3465,1
1,1,1,0.9995,1,0.9965,1,1,0.0075,0.8655,0,0.962,0.9425,0.0005,0,0.095,0.042,0.9845,0.038,1,0,0.9995,1,1,0.9945,0.3065,0.001,0.99
1,1,0.989,0.9955,1,1,0.9955,1,0.9525,0.999,0.9985,0.983,0.9975,0.3545,0.7945,0.999,0.136,0.882,0.998,1,0.981,0,1,1,1,0.999,0.2255,1
1,1,0.98,0.996,1,1,0.9955,1,0.9585,0.999,0.998,0.981,0.999,0.8875,0.8025,0.999,0.1365,0.875,0.998,1,0.981,0.0015,1,1,1,0.999,0.221,1
1,1,0.986,0.9955,1,1,0.9955,1,0.948,0.999,0.9995,0.9845,0.9925,0.908,0.79,0.999,0.1325,0.725,0.996,1,1,0,1,1,1,0.999,0.579,1
1,1,0.987,0.9955,1,1,0.9955,1,0.9475,0.999,1,0.9835,0.9935,0.8435,0.7895,0.999,0.132,0.746,0.9965,1,1,0,1,1,1,0.999,0.538,1
1,1,0.9855,0.9955,1,1,0.9945,1,0.9495,0.999,0.9995,0.967,0.996,0.8735,0.798,0.999,0.13,0.834,0.9965,1,0.995,0,1,1,1,0.999,0.3235,1
1,1,0.998,0.9975,1,1,1,1,0.824,0.9935,0.924,0.915,0.9485,0.886,0.5375,0.946,0.08,0.523,0.9045,1,1,0.238,1,1,1,1,0.868,1
1,1,0.9895,0.996,1,1,0.996,1,0.951,0.9985,1,0.98,0.997,0.9585,0.829,0.999,0.1345,0.7625,0.996,1,1,0,1,1,1,0.998,0.5065,1
1,1,0.9865,0.996,1,1,0.9955,1,0.947,0.999,1,0.983,0.9985,0.831,0.827,0.999,0.1385,0.836,0.9975,1,0.9885,0,1,1,1,0.999,0.294,1
1,1,0.9805,0.9955,1,1,0.9955,1,0.9465,0.999,1,0.975,0.9975,0.927,0.8105,0.999,0.1425,0.8225,0.9975,1,0.997,0,1,1,1,0.999,0.3325,1
1,1,0.987,0.9955,1,1,0.9955,1,0.9485,0.999,1,0.974,0.9965,0.8205,0.8035,0.999,0.1395,0.8215,0.997,1,0.997,0,1,1,1,0.9985,0.3555,1
1,1,0.9745,0.996,1,1,0.9955,1,0.9515,0.999,0.9995,0.98,0.998,0.952,0.8155,0.999,0.151,0.842,0.998,1,0.996,0,1,1,1,0.999,0.299,1
1,1,0.9715,0.9955,1,1,0.996,1,0.9515,0.999,1,0.973,0.9955,0.998,0.8025,0.9995,0.148,0.786,0.997,1,0.999,0,1,1,1,0.9985,0.4485,1
1,1,0.964,0.996,1,1,0.9955,1,0.9535,0.999,0.999,0.9775,0.9965,0.9975,0.803,0.9995,0.157,0.836,0.9975,1,0.9965,0,1,1,1,0.999,0.358,1
1,1,0.9805,0.9955,1,1,0.9965,1,0.9515,0.999,1,0.975,0.995,0.996,0.812,0.999,0.1435,0.77,0.997,1,1,0,1,1,1,0.9985,0.491,1
1,1,1,0.998,1,1,0.999,1,0.855,0.9995,0.9755,1,0.9995,0.028,0.645,0.9815,0.0415,0.9105,0.794,1,1,0.023,1,1,1,0.9935,0.228,0.995
1,1,0.9685,0.996,1,1,0.9955,1,0.9515,0.999,0.999,0.978,0.997,0.9965,0.813,0.999,0.1555,0.8325,0.998,1,0.997,0,1,1,1,0.999,0.3425,1
1,1,0.999,0.9985,1,1,0.9975,1,0.7725,0.9995,0.946,0.9965,0.9995,0.0005,0.627,0.9995,0.0395,0.9505,0.7595,1,0.985,0,1,1,1,1,0.0855,0.999
1,1,0.974,0.9955,1,1,0.995,1,0.954,0.999,0.9985,0.985,0.993,0.931,0.7895,0.999,0.1475,0.7895,0.998,1,0.998,0,1,1,1,0.999,0.4835,1
1,1,0.999,1,1,1,1,1,0.409,0.0145,0.2865,0.0215,0.028,0.0695,0.143,0.178,0.0465,0,0.419,1,1,0.9535,1,1,1,0,1,1
1,1,0.9935,0.9955,0.987,1,0.995,1,0.957,0.999,1,0.9755,0.99,0.563,0.778,0.9995,0.128,0.774,0.9965,1,0.996,0,1,1,1,0.9985,0.465,1
1,1,0.9655,0.995,0.9865,1,0.996,1,0.9615,0.998,0.9995,0.944,0.982,0.601,0.7815,0.9995,0.15,0.6885,0.996,1,1,0.175,1,1,1,0.9985,0.662,1
1,1,0.9965,0.9945,1,1,0.995,1,0.9605,0.9985,0.999,0.973,0.9915,0.167,0.7625,0.9995,0.1055,0.7925,0.996,1,0.995,0.0385,1,1,1,0.999,0.4175,1
1,1,1,0.9905,1,1,1,1,0.9825,0.958,1,0.921,0.655,0.013,0.7745,0.8785,0.1255,0.2,0.9955,1,1,0.9815,1,1,1,0.9535,0.997,0.995
1,1,0.996,0.995,1,1,0.994,1,0.957,0.999,1,0.978,0.9915,0.3115,0.7785,0.9995,0.119,0.7855,0.9965,1,0.995,0,1,1,1,0.9985,0.44,1
1,1,0.988,0.9955,1,1,0.9955,1,0.96,0.999,0.9985,0.9785,0.9925,0.4985,0.7715,0.9995,0.145,0.8515,0.999,1,0.9875,0.1135,1,1,1,0.9985,0.352,1
1,1,0.99,0.993,1,1,0.9955,1,0.9655,0.9965,1,0.914,0.875,0.989,0.7865,0.9975,0.2115,0.6115,0.9985,1,1,0.977,1,1,1,0.9955,0.8155,0.9995
1,1,0.9965,0.9915,1,1,0.9955,1,0.965,0.996,0.9995,0.92,0.8705,0.4065,0.778,0.997,0.1805,0.6305,0.998,1,1,0.9745,1,1,1,0.994,0.7745,0.999
0.9995,1,0.9315,0.993,1,1,0.997,1,0.9655,0.9975,0.9995,0.9125,0.881,0.2085,0.7895,0.9965,0.2755,0.6745,0.9995,1,1,0.9935,1,1,1,0.9955,0.75,0.9995
0.9995,1,0.979,0.9915,1,1,0.9965,1,0.969,0.9975,0.9995,0.9195,0.879,0.9205,0.7815,0.9965,0.243,0.738,1,1,0.9935,0.992,1,1,1,0.9955,0.643,0.999
1,1,0.997,0.979,1,0.9955,0.9975,1,0.987,0.9795,0.9995,0.828,0.793,0.078,0.7975,0.9875,0.2655,0.45,1,1,1,0.2765,1,1,1,0.9785,0.8875,0.9945
1,1,0.9985,0.982,1,1,0.995,1,0.978,0.9975,0.9985,0.9495,0.7975,0.7775,0.8215,0.988,0.1805,0.626,0.9985,1,0.9995,1,1,1,1,0.99,0.7605,1
1,1,0.9965,0.99,1,1,0.996,1,0.9755,0.998,0.999,0.9525,0.8635,0.0035,0.784,0.996,0.2045,0.7925,1,1,0.9525,0.999,1,1,1,0.9935,0.54,0.9995
1,1,0.9735,0.9885,1,1,0.9895,1,0.967,0.9985,0.9975,0.837,0.976,0.5745,0.8285,0.994,0.1765,0.9625,0.998,1,0.151,1,1,1,1,0.9955,0.1055,1
1,1,0.965,0.9955,0.99,1,0.996,1,0.9555,0.9985,0.9995,0.968,0.988,0.9535,0.7815,0.9995,0.16,0.745,0.9975,1,1,0.005,1,1,1,0.9985,0.5525,1
1,1,0.9945,0.995,1,1,0.994,1,0.955,0.999,0.9995,0.9745,0.989,0.099,0.7715,0.9995,0.128,0.8115,0.9965,1,0.995,0.006,1,1,1,0.998,0.4155,1
1,1,0.976,0.9955,1,1,0.995,1,0.9595,0.999,0.9985,0.9765,0.9915,0.9815,0.7785,0.9995,0.158,0.821,0.999,1,0.9925,0.0975,1,1,1,0.9985,0.419,1
1,1,1,0.9945,1,1,0.9995,1,0.9825,0.9745,1,0.9815,0.815,0.0005,0.799,0.9035,0.0875,0.291,0.9945,1,1,0.892,1,1,1,0.975,0.9895,0.9955
1,1,0.999,0.986,1,1,0.998,1,0.9935,0.9965,1,0.981,0.935,0.9705,0.8855,0.991,0.173,0.4915,1,1,1,0.6725,1,1,1,0.989,0.907,0.999
1,1,1,0.9905,1,0.999,0.984,1,0.9385,0.2655,1,0.813,0.2715,0,0.8775,0.9935,0.044,0.0095,0.9475,1,1,1,1,1,1,0.3985,1,0.999
1,1,0.999,0.994,1,1,0.9945,1,0.966,0.999,0.9985,0.9865,0.9785,0,0.7615,0.9985,0.1185,0.9025,0.9985,1,0.8055,0.822,1,1,1,0.9965,0.2515,1
1,1,0.984,0.9965,1,1,0.8335,1,0.9055,0.974,0.9605,0.9085,0.789,0,0.7915,0.9615,0.046,0.9375,0.934,1,0.1375,1,0.997974684,1,0.9975,0.9065,0.155,1
1,1,0.994,0.9955,1,1,0.9955,1,0.958,0.999,1,0.974,0.9925,0.654,0.7835,0.9995,0.131,0.7935,0.9965,1,0.995,0,1,1,1,0.9985,0.4195,1
1,1,0.997,0.995,1,1,0.995,1,0.9625,0.999,0.9995,0.9735,0.993,0.166,0.773,0.9995,0.105,0.829,0.996,1,0.9935,0,1,1,1,0.999,0.3555,1
1,1,0.9935,0.9955,1,1,0.9945,1,0.9565,0.999,1,0.9705,0.993,0.472,0.78,0.9995,0.1325,0.8095,0.9965,1,0.9945,0,1,1,1,0.998,0.3845,1
1,1,0.996,0.995,1,1,0.9945,1,0.958,0.999,1,0.978,0.9935,0.391,0.783,0.9995,0.1205,0.805,0.9965,1,0.995,0,1,1,1,0.9985,0.3975,1
1,1,0.955,0.9935,0.9955,1,0.9965,1,0.9605,0.9975,0.9995,0.9165,0.9435,0.4435,0.788,0.9985,0.221,0.693,0.998,1,1,0.011,1,1,1,0.996,0.708,0.9995
0.9995,1,0.9325,0.994,1,1,0.996,1,0.9625,0.9975,0.9985,0.927,0.9385,0.383,0.787,0.999,0.2445,0.7605,0.9995,1,0.9945,0.086,1,1,1,0.9965,0.6105,0.9995
1,1,0.985,0.9935,1,1,0.996,1,0.965,0.998,0.9995,0.943,0.9405,0.852,0.7855,0.999,0.1995,0.8135,0.9995,1,0.9865,0.0615,1,1,1,0.996,0.502,0.9995
1,1,0.9995,0.991,1,1,0.995,1,0.9625,0.9975,0.9995,0.938,0.929,0.0045,0.7765,0.9985,0.134,0.7055,0.996,1,0.9945,0.0155,0.999493671,1,1,0.995,0.649,0.9995
1,1,0.996,0.988,1,1,0.9955,1,0.974,0.9985,0.998,0.9335,0.861,0.8665,0.7985,0.995,0.1835,0.735,0.9975,1,0.9935,0.9015,0.999493671,1,1,0.9945,0.6545,1
1,1,1,1,1,0.994,1,1,0.1005,0.9985,0.0225,0.822,0.9215,0,0.0065,0.056,0.0005,0.973,0.002,1,0.9855,1,1,1,1,0.274,0.268,0.9735
1,1,0.9995,0.9935,0.9975,0.999,0.9945,1,0.968,0.9985,0.9995,0.961,0.978,0.0005,0.798,0.999,0.1035,0.796,0.9955,1,0.9585,0,0.998987342,1,1,0.9955,0.4455,0.9995
1,1,1,0.9925,1,1,1,1,0.9565,0.999,0.9945,0.993,0.979,0.2,0.66,0.8865,0.07,0.772,0.9515,1,1,0.4385,0.999493671,1,1,0.987,0.5665,1
1,1,0.966,0.9955,0.9905,1,0.9955,1,0.955,0.9985,0.9995,0.9675,0.988,0.9835,0.7785,0.9995,0.162,0.753,0.9975,1,0.997,0.0155,1,1,1,0.9985,0.5295,1
1,1,0.9975,0.995,1,1,0.995,1,0.962,0.999,1,0.9855,0.995,0.0455,0.782,0.9995,0.106,0.823,0.996,1,0.995,0,1,1,1,0.999,0.3505,1
1,1,0.987,0.9955,1,1,0.9955,1,0.9615,0.999,0.9985,0.9785,0.9935,0.7925,0.779,0.9995,0.148,0.8425,0.999,1,0.9885,0.0225,1,1,1,0.9985,0.3635,1
1,1,0.9905,0.9955,1,1,0.995,1,0.961,0.999,0.9985,0.9815,0.994,0.469,0.7765,0.9995,0.1395,0.857,0.999,1,0.979,0.005,1,1,1,0.9985,0.319,1
1,1,0.901,0.9975,0.991,1,0.996,1,0.9535,0.999,1,0.733,1,0.0145,0.931,0.9985,0.243,1,0.999,1,0,0.986,1,1,0.999,0.9985,0,1
1,1,0.999,0.996,1,1,0.993,1,0.8505,1,0.987,1,1,0.0005,0.7465,1,0.0555,1,0.8915,1,0,0.9865,1,1,0.9965,0.989,0,1
1,1,0.9935,0.9975,1,1,0.9945,1,0.964,0.9995,0.999,0.777,1,0.0465,0.9305,0.999,0.1545,1,0.999,1,0,0.982,1,1,0.995,0.999,0,1
1,1,0.9985,0.986,1,1,0.998,1,0.993,0.9965,1,0.9805,0.933,0.981,0.8845,0.991,0.177,0.492,1,1,1,0.7485,1,1,1,0.989,0.9075,0.999
1,1,0.997,0.9975,1,1,0.994,1,0.974,1,0.999,0.6795,1,0.0595,0.9545,0.9985,0.1455,1,0.999,1,0,0.9925,1,1,0.9935,0.999,0,1
1,1,0.963,0.996,1,1,0.995,1,0.9545,0.9985,0.999,0.9865,0.999,0.9985,0.837,0.999,0.154,0.8455,0.998,1,0.9935,0,1,1,1,0.999,0.2805,1
0.9995,1,0.862,0.996,1,1,0.993,1,0.948,0.9985,0.9965,0.988,0.9695,1,0.748,0.9995,0.1715,0.6045,0.9975,1,1,0,1,1,1,0.9985,0.781,1
1,1,0.9885,0.996,1,1,0.9955,1,0.9475,0.999,1,0.982,0.9985,0.66,0.8235,0.999,0.139,0.85,0.9975,1,0.979,0,1,1,1,0.999,0.2575,1
1,1,0.954,0.996,1,1,0.995,1,0.943,0.9985,0.999,0.9685,0.997,0.9755,0.8225,0.999,0.167,0.842,0.998,1,0.9815,0,1,1,1,0.999,0.28,0.9995
1,1,0.944,0.996,1,1,0.9955,1,0.9495,0.9985,0.9975,0.9775,0.9985,0.9985,0.8255,0.999,0.1745,0.8705,0.998,1,0.979,0,1,1,1,0.999,0.233,1
1,1,0.9635,0.9945,1,1,0.9925,1,0.9405,0.9985,0.9975,0.99,0.9765,0.7615,0.7525,0.999,0.129,0.594,0.996,1,1,0,1,1,1,0.998,0.774,1
0.9995,1,0.84,0.996,1,1,0.992,1,0.9505,0.9985,0.9965,0.9895,0.973,1,0.7535,0.9995,0.172,0.631,0.9975,1,1,0.0005,1,1,1,0.998,0.7575,1
0.9985,1,0.4565,0.9985,1,1,0.974,1,0.8505,0.9975,0.99,0.7045,0.9805,1,0.7555,1,0.216,0.8885,0.9955,1,0.732,0.9185,1,1,1,0.9965,0.253,0.9995
1,1,0.9825,0.996,1,1,0.9955,1,0.9475,0.9985,1,0.974,0.9965,0.971,0.828,0.999,0.145,0.8025,0.997,1,0.9995,0,1,1,1,0.998,0.422,1
1,1,0.9835,0.996,1,1,0.995,1,0.9465,0.999,1,0.9785,0.998,0.89,0.826,0.999,0.143,0.833,0.9975,1,0.9885,0,1,1,1,0.999,0.3135,1
1,1,0.9835,0.9965,1,1,0.9955,1,0.948,0.9985,1,0.974,0.9965,0.977,0.828,0.999,0.1435,0.787,0.997,1,1,0,1,1,1,0.998,0.47,1
1,1,0.943,0.996,1,1,0.9955,1,0.945,0.9985,0.9985,0.963,0.9965,0.9985,0.8225,0.999,0.1795,0.8575,0.998,1,0.975,0,1,1,1,0.9985,0.252,1
0.9995,1,0.736,0.9975,1,1,0.98,1,0.935,0.9985,0.9945,0.937,0.9965,0.877,0.7745,1,0.1565,0.839,0.995,1,0.948,0.9515,1,1,1,0.9975,0.2705,1
0.9995,1,0.8825,0.9955,1,1,0.989,1,0.9215,0.9985,0.9945,0.978,0.976,0.7645,0.7455,1,0.1515,0.6035,0.998,1,1,0,1,1,1,0.998,0.74,1
0.9985,1,0.4095,0.9985,1,1,0.977,1,0.8675,0.9975,0.9905,0.835,0.971,1,0.7435,1,0.2125,0.7675,0.9955,1,0.9875,0.9885,1,1,1,0.997,0.529,0.9995
0.9985,1,0.43,0.998,1,1,0.9745,1,0.8735,0.998,0.992,0.856,0.9795,0.361,0.7425,1,0.211,0.809,0.9935,1,0.984,0.9915,1,1,1,0.9975,0.4335,1
1,1,0.9675,1,1,0.999,0.999,1,0.4305,1,0.5055,0.957,0.971,0.626,0.261,0.989,0.0805,0.999,0.516,1,0.0215,0.9975,1,1,1,0.766,0.1135,1
1,1,0.987,0.996,1,1,0.9955,1,0.949,0.9985,1,0.975,0.9965,0.9585,0.826,0.999,0.1375,0.7845,0.996,1,1,0,1,1,1,0.9985,0.47,1
1,1,0.9865,0.9955,1,1,0.996,1,0.948,0.999,1,0.9775,0.997,0.8955,0.8095,0.999,0.141,0.8215,0.9975,1,0.997,0,1,1,1,0.9985,0.3505,1
1,1,0.969,0.9955,1,0.999,0.992,1,0.947,0.999,1,0.9675,0.9985,0.894,0.801,0.999,0.1185,0.8505,0.997,1,0.9925,0,1,1,1,0.9985,0.258,1
1,1,0.985,0.996,1,1,0.9955,1,0.9485,0.999,1,0.979,0.998,0.944,0.825,0.999,0.139,0.812,0.9965,1,1,0,1,1,1,0.999,0.3905,1
1,1,0.9895,0.9955,1,1,0.9955,1,0.95,0.999,1,0.9775,0.9965,0.765,0.7985,0.999,0.1335,0.81,0.9965,1,0.997,0,1,1,1,0.999,0.389,1
1,1,0.9875,0.9955,1,1,0.9955,1,0.9485,0.999,1,0.9735,0.9965,0.735,0.7935,0.999,0.137,0.8165,0.997,1,0.996,0,1,1,1,0.999,0.361,1
1,1,0.981,0.9955,1,1,0.9955,1,0.9535,0.999,0.999,0.978,0.995,0.807,0.7965,0.999,0.1485,0.851,0.998,1,0.9945,0,1,1,1,0.999,0.321,1
1,1,0.9845,0.9955,1,1,0.995,1,0.9465,0.999,1,0.9695,0.997,0.6745,0.801,0.9995,0.1385,0.8815,0.997,1,0.976,0,1,1,1,0.999,0.2095,1
1,1,1,0.9985,1,1,0.997,1,0.877,0.922,0.9925,0.997,0.9195,0,0.7355,0.9955,0.001,0.365,0.7035,1,1,0,0.993924051,1,1,1,0.9695,0.9825
1,1,0.999,0.997,1,1,0.999,1,0.8715,0.99,0.9755,0.9565,0.971,0.1265,0.636,0.9925,0.054,0.555,0.9165,1,1,0,0.98835443,1,1,1,0.8065,1
1,1,0.9785,0.9955,1,1,0.9955,1,0.946,0.999,1,0.9695,0.996,0.8655,0.8005,0.999,0.148,0.8195,0.9975,1,0.9965,0,1,1,1,0.9985,0.3615,1
1,1,0.9895,0.9955,1,1,0.9955,1,0.951,0.999,1,0.977,0.9965,0.7655,0.803,0.999,0.1355,0.815,0.9965,1,0.997,0,1,1,1,0.9985,0.373,1
1,1,0.9935,0.9955,1,1,0.995,1,0.948,0.999,1,0.981,0.9985,0.377,0.7975,0.999,0.1155,0.8385,0.9965,1,0.9915,0,1,1,1,0.999,0.29,1
1,1,0.996,0.995,1,1,0.9955,1,0.954,0.9985,1,0.9755,0.991,0.26,0.7995,0.999,0.119,0.7635,0.9965,1,0.997,0,1,1,1,0.999,0.5045,1
1,1,0.9895,0.9955,1,1,0.9955,1,0.9525,0.999,0.9985,0.9835,0.9975,0.335,0.7945,0.999,0.1355,0.887,0.998,1,0.973,0,1,1,1,0.999,0.213,1
1,1,0.999,0.9995,1,0.9965,1,1,0.319,0.999,0.157,0.91,0.9405,0.1165,0.113,0.69,0.0355,0.714,0.332,1,1,0.927,1,1,1,0.9905,0.69,1
1,1,1,0.9985,1,1,1,1,0.786,0.993,0.8355,0.983,0.9725,0.0005,0.4965,0.951,0.0495,0.5315,0.8565,1,1,0,1,1,1,1,0.8465,0.9545
1,1,0.9885,0.9955,1,1,0.996,1,0.9505,0.999,1,0.9775,0.9965,0.861,0.8085,0.999,0.137,0.8105,0.997,1,0.997,0,1,1,1,0.9985,0.383,1
1,1,1,1,1,0.999,1,1,0.458,0.9995,0.305,0.995,0.925,0,0.1825,0.5005,0.001,0.5155,0.2595,1,1,0.938,1,1,1,0.2885,0.9125,0.6025
1,1,0.964,0.996,1,1,0.9955,1,0.9505,0.999,0.999,0.9755,0.9965,0.9645,0.805,0.999,0.162,0.8525,0.998,1,0.992,0,1,1,1,0.999,0.2915,1
1,1,0.991,0.998,1,1,0.998,1,0.818,0.998,0.9505,0.931,0.9985,0.614,0.661,0.994,0.0835,0.885,0.946,1,0.979,0,0.999493671,1,1,1,0.183,1
1,1,1,0.999,1,0.9885,1,1,0.231,0.997,0.0225,0.6925,0.9105,0,0.017,0.0025,0,0.555,0.0565,1,1,0.121,1,1,1,1,0.8595,0.9975
1,1,0.9805,0.9955,1,1,0.9965,1,0.951,0.999,1,0.974,0.9945,0.995,0.812,0.999,0.1435,0.7685,0.997,1,1,0,1,1,1,0.9985,0.497,1
1,1,0.9945,0.9955,1,1,0.9955,1,0.9525,0.999,1,0.9825,0.9965,0.1045,0.7945,0.999,0.123,0.852,0.997,1,0.9865,0,1,1,1,0.999,0.2855,1
1,1,0.99,0.9975,1,1,0.9945,1,0.9525,0.999,0.999,0.777,1,0.1215,0.9185,0.999,0.1645,1,0.999,1,0,0.9905,1,1,0.9965,0.999,0,1
1,1,0.991,0.996,1,1,0.9955,1,0.956,0.999,0.9985,0.986,0.998,0.3975,0.8045,0.999,0.1335,0.8875,0.998,1,0.9705,0,1,1,1,0.999,0.216,1
1,1,1,0.9915,1,0.9995,0.9715,1,0.963,0.7815,1,0.991,0.864,0.1905,0.8625,1,0.0455,0.2895,0.94,1,1,0,0.995443038,1,1,1,0.992,0.953
1,1,0.975,0.996,1,1,0.9955,1,0.954,0.999,0.999,0.987,0.9955,0.917,0.7935,0.9995,0.143,0.7945,0.998,1,0.998,0,1,1,1,0.999,0.4575,1
1,1,0.9885,0.996,1,1,0.9955,1,0.947,0.999,1,0.981,0.9985,0.654,0.823,0.999,0.139,0.8495,0.9975,1,0.977,0,1,1,1,0.999,0.2555,1
1,1,0.9465,0.996,1,1,0.995,1,0.9435,0.9985,0.998,0.965,0.996,0.997,0.8215,0.999,0.176,0.8505,0.998,1,0.9795,0,1,1,1,0.9985,0.266,1
1,1,0.9505,0.996,1,1,0.9955,1,0.951,0.9985,0.998,0.9775,0.9985,0.998,0.8265,0.999,0.1725,0.8685,0.998,1,0.9765,0,1,1,1,0.999,0.247,1
1,1,0.98,0.995,1,1,0.993,1,0.945,0.9985,0.9975,0.996,0.9825,0.379,0.7635,0.999,0.112,0.611,0.9955,1,1,0,1,1,1,0.9985,0.7215,1
1,1,0.9895,0.996,1,1,0.996,1,0.953,0.9985,1,0.978,0.995,0.9795,0.8295,0.999,0.1345,0.7425,0.996,1,1,0,1,1,1,0.998,0.5535,1
1,1,0.9905,0.9955,1,1,0.9955,1,0.951,0.999,1,0.978,0.9965,0.741,0.809,0.999,0.129,0.819,0.9965,1,0.9965,0,1,1,1,0.999,0.374,1
1,1,0.969,0.9955,1,1,0.996,1,0.945,0.999,1,0.967,0.9955,0.9625,0.8065,0.999,0.158,0.8265,0.9975,1,0.9955,0,1,1,1,0.999,0.336,1
1,1,0.987,0.9955,1,1,0.9965,1,0.9495,0.999,1,0.9745,0.9965,0.8635,0.806,0.999,0.143,0.8185,0.9975,1,0.997,0,1,1,1,0.9985,0.368,1
1,1,0.9535,0.996,1,1,0.995,1,0.9495,0.999,0.999,0.97,0.996,0.9875,0.8105,0.999,0.1695,0.858,0.998,1,0.9895,0,1,1,1,0.999,0.2735,1
1,1,0.971,0.9955,1,1,0.996,1,0.951,0.999,1,0.97,0.9925,0.998,0.8015,0.9995,0.1495,0.771,0.9965,1,1,0,1,1,1,0.9985,0.4865,1
1,1,0.955,0.996,1,1,0.995,1,0.952,0.999,0.999,0.973,0.994,0.998,0.7975,0.9995,0.168,0.842,0.998,1,0.9965,0,1,1,1,0.999,0.3625,1
1,1,0.9775,0.996,1,1,0.9955,1,0.9535,0.999,0.999,0.9785,0.9955,0.8255,0.798,0.9995,0.1505,0.862,0.998,1,0.9905,0,1,1,1,0.999,0.2945,1
1,1,1,0.9975,1,1,0.999,1,0.778,0.998,0.95,0.9985,0.9995,0,0.645,0.9945,0.0075,0.8635,0.6895,1,1,0,1,1,1,1,0.3085,0.998
1,1,0.929,0.9995,1,0.9995,0.9985,1,0.5685,0.912,0.728,0.4825,0.742,0.9105,0.465,0.999,0.0675,0.3675,0.634,0.991,1,0.282,1,1,1,1,0.9825,0.9985
1,1,0.989,0.9955,1,1,0.996,1,0.9505,0.999,1,0.9765,0.9965,0.8675,0.8055,0.999,0.1355,0.809,0.9965,1,0.997,0,1,1,1,0.9985,0.3905,1
1,1,1,0.9965,1,1,1,1,0.8865,0.9995,0.968,0.9995,0.995,0.0005,0.583,0.797,0.046,0.801,0.8495,1,1,0.802,1,1,1,0.9985,0.568,0.9985
1,1,0.9995,0.998,1,0.9985,0.999,1,0.368,1,0.4765,1,0.993,0,0.254,0.997,0.024,1,0.257,1,0,1,1,1,0.997,1,0.0295,0.2015
1,1,0.989,0.996,1,1,0.9955,1,0.9555,0.999,0.998,0.9855,0.9975,0.4245,0.8035,0.999,0.1365,0.883,0.998,1,0.971,0,1,1,1,0.999,0.23,1
1,1,0.986,0.9955,1,1,0.9955,1,0.9475,0.999,0.9995,0.9835,0.9935,0.881,0.7895,0.999,0.133,0.741,0.9965,1,1,0,1,1,1,0.999,0.5465,1
1,1,0.9815,0.996,1,1,0.9965,1,0.9515,0.999,1,0.9755,0.9955,0.9885,0.8175,0.999,0.142,0.7765,0.997,1,1,0,1,1,1,0.9985,0.4825,1
1,1,0.986,0.9955,1,1,0.996,1,0.9485,0.999,1,0.977,0.997,0.9285,0.8095,0.999,0.1405,0.816,0.997,1,0.997,0,1,1,1,0.9985,0.3555,1
1,1,0.978,0.999,1,1,0.9995,1,0.7575,0.9955,0.865,0.8165,0.9765,0.837,0.5535,0.9895,0.103,0.706,0.942,1,0.997,0,1,1,1,0.9785,0.528,1
1,1,0.9675,0.996,1,1,0.996,1,0.956,0.999,0.999,0.9795,0.996,0.9855,0.8015,0.9995,0.157,0.849,0.998,1,0.9905,0,1,1,1,0.999,0.324,1
1,1,0.996,0.999,1,1,1,1,0.6435,0.999,0.632,0.9295,0.992,0.757,0.3545,0.938,0.082,0.7845,0.86,1,0.997,0,1,1,1,0.9905,0.447,1
1,1,0.962,0.9955,0.9905,1,0.996,1,0.954,0.9985,1,0.961,0.9855,0.957,0.778,0.9995,0.166,0.744,0.9975,1,1,0.0145,1,1,1,0.9985,0.5625,1
1,1,0.997,0.995,1,1,0.994,1,0.9585,0.999,0.9995,0.985,0.9935,0.0125,0.7755,0.9995,0.108,0.817,0.996,1,0.995,0,1,1,1,0.999,0.369,1
1,1,0.9785,0.9955,1,1,0.9955,1,0.959,0.999,0.9985,0.977,0.99,0.8195,0.77,0.9995,0.161,0.842,0.999,1,0.987,0.1465,1,1,1,0.9985,0.3845,1
1,1,0.988,0.9955,1,1,0.995,1,0.959,0.999,0.9985,0.9775,0.9925,0.5025,0.769,0.9995,0.145,0.849,0.999,1,0.988,0.086,1,1,1,0.999,0.3585,1
1,1,0.993,0.9955,0.9965,1,0.9905,1,0.8995,0.999,0.9975,0.8365,0.99,0.187,0.8005,1,0.1305,1,0.982,1,0,0.999,1,1,1,1,0.025,1
0.9995,1,0.9365,0.993,1,1,0.997,1,0.9655,0.9975,0.9995,0.913,0.8805,0.321,0.789,0.997,0.271,0.68,0.9995,1,0.9995,0.9925,1,1,1,0.9955,0.7425,0.9995
1,1,0.9975,0.9975,1,1,0.998,1,0.926,0.983,0.9945,0.778,0.971,0.185,0.7605,0.9975,0.0925,0.6575,0.9905,1,0.996,0.083,1,1,1,0.994,0.538,1
1,1,0.9745,0.9955,1,1,0.995,1,0.9585,0.999,0.9985,0.9765,0.991,0.9845,0.777,0.9995,0.157,0.818,0.998,1,0.993,0.075,1,1,1,0.999,0.4235,1
1,1,1,0.999,1,0.9995,1,1,0.843,0.778,0.946,0.97,0.5575,0,0.544,0.5205,0,0.0925,0.4715,1,1,0.996,1,1,1,0.7565,1,0.987
1,1,1,0.978,1,0.9995,1,1,0.9775,0.9845,0.9995,0.9995,0.79,0,0.719,0.524,0.041,0.283,0.9165,1,1,0.997,1,1,1,0.959,0.994,0.9665
1,1,0.9875,0.9995,1,1,0.9955,1,0.708,0.999,0.868,0.7665,0.7955,0.4445,0.48,0.9935,0.105,0.82,0.7965,1,0.985,0.8435,0.947848101,1,1,0.6495,0.5465,1
1,1,0.9895,0.9955,1,1,0.9955,1,0.961,0.999,0.9985,0.978,0.994,0.5705,0.779,0.9995,0.1445,0.871,0.999,1,0.9685,0,1,1,1,0.999,0.2935,1
1,1,0.9915,0.9975,1,1,0.995,1,0.9625,0.999,0.9995,0.8605,1,0.0435,0.9115,0.999,0.149,1,0.999,1,0,0.9945,1,1,0.9975,0.999,0,1
0.9995,1,0.92,0.994,1,1,0.9965,1,0.9625,0.9975,0.9985,0.9215,0.9385,0.18,0.7865,0.999,0.25,0.755,0.9995,1,0.9945,0.093,1,1,1,0.9965,0.62,0.9995
1,1,0.9715,0.9955,1,0.999,0.9935,1,0.841,1,0.972,0.961,0.996,0.7725,0.6395,0.9995,0.144,1,0.9575,1,0,1,1,1,1,0.9885,0.018,1
1,1,0.9915,0.9955,1,1,0.995,1,0.9645,0.999,0.999,0.983,0.994,0.4435,0.779,0.9995,0.1355,0.8555,0.998,1,0.987,0.0135,1,1,1,0.9985,0.331,1
1,1,0.935,0.9975,0.9925,1,0.9955,1,0.949,0.999,1,0.733,1,0.35,0.926,0.9995,0.225,1,0.999,1,0,0.979,1,1,0.999,0.999,0,1
1,1,0.957,0.998,0.997998999,1,0.9955,1,0.9545,0.9995,0.9995,0.722,1,0.7435,0.9305,0.999,0.207,1,0.999,1,0,0.9955,1,1,0.997,0.999,0,1
1,1,0.9305,0.996,1,1,0.9955,1,0.952,0.9985,0.998,0.973,0.9965,0.999,0.829,0.999,0.181,0.841,0.998,1,0.991,0.009,1,1,1,0.999,0.3235,1
0.9995,1,0.8645,0.998,1,0.9995,0.9495,1,0.8935,0.999,0.998,0.8815,0.9015,0.9965,0.798,1,0.126,0.68,0.9515,1,1,0.7735,1,1,1,0.995,0.773,1
1,1,0.9935,0.996,1,1,0.9955,1,0.949,0.999,1,0.9865,0.9985,0.476,0.825,0.999,0.13,0.852,0.9975,1,0.9785,0,1,1,1,0.999,0.255,1
1,1,0.9435,0.996,1,1,0.9955,1,0.945,0.9985,0.9985,0.963,0.9965,0.9985,0.823,0.999,0.1795,0.8545,0.998,1,0.9775,0,1,1,1,0.9985,0.2565,1
1,1,0.9505,0.996,1,1,0.9955,1,0.95,0.9985,0.998,0.977,0.9985,0.998,0.826,0.999,0.1715,0.863,0.998,1,0.98,0,1,1,1,0.999,0.264,1
1,1,0.8635,0.9975,1,1,0.9815,1,0.9375,0.9985,0.9945,0.9665,0.999,0.5495,0.7815,1,0.1285,0.8915,0.9975,1,0.823,0.96,1,1,1,0.998,0.173,1
1,1,0.985,0.995,1,1,0.9935,1,0.9445,0.9985,0.9975,0.996,0.984,0.1395,0.7665,0.999,0.107,0.6255,0.996,1,1,0,1,1,1,0.9985,0.696,1
1,1,0.984,0.9955,1,1,0.9955,1,0.949,0.999,1,0.968,0.9965,0.9565,0.8065,0.999,0.1395,0.812,0.9965,1,0.997,0,1,1,1,0.9985,0.3775,1
1,1,0.987,0.9955,1,1,0.996,1,0.949,0.999,1,0.976,0.9965,0.852,0.809,0.999,0.1375,0.814,0.997,1,0.997,0,1,1,1,0.9985,0.381,1
1,1,0.9655,0.9955,1,1,0.9955,1,0.951,0.999,1,0.971,0.9955,0.997,0.801,0.9995,0.154,0.7975,0.997,1,0.997,0,1,1,1,0.9985,0.429,1
1,1,0.9955,0.9955,1,1,0.995,1,0.952,0.999,1,0.9845,0.997,0.1455,0.799,0.999,0.117,0.8505,0.9965,1,0.99,0,1,1,1,0.999,0.2875,1
1,1,0.9355,0.996,1,1,0.995,1,0.9515,0.999,0.999,0.9685,0.9935,0.979,0.7985,0.9995,0.1805,0.829,0.998,1,0.9965,0,1,1,1,0.999,0.3965,1
1,1,0.992,0.998,1,1,0.999,1,0.7825,0.9965,0.934,0.8935,0.977,0.772,0.5795,0.998,0.078,0.6605,0.907,1,1,0,0.998987342,1,1,1,0.679,1
1,1,0.9695,0.9955,1,1,0.9965,1,0.9515,0.999,1,0.9665,0.9935,0.9985,0.811,0.999,0.1555,0.781,0.997,1,1,0,1,1,1,0.999,0.4855,1
1,1,0.941,0.996,1,1,0.996,1,0.95,0.999,0.999,0.966,0.995,0.997,0.8085,0.999,0.1795,0.847,0.998,1,0.997,0,1,1,1,0.9985,0.33,1
1,1,0.985,0.996,1,1,0.9955,1,0.9525,0.999,0.999,0.9855,0.9975,0.477,0.797,0.999,0.1375,0.8635,0.998,1,0.99,0.2895,1,1,1,0.999,0.2665,1
1,1,0.986,0.9955,1,1,0.9955,1,0.9475,0.999,0.9995,0.9835,0.9935,0.883,0.7895,0.999,0.1335,0.741,0.9965,1,1,0,1,1,1,0.999,0.5465,1
1,1,0.985,0.9955,1,1,0.9955,1,0.9535,0.999,0.999,0.9865,0.9935,0.885,0.7915,0.999,0.1415,0.7785,0.998,1,0.9995,0,1,1,1,0.999,0.5,1
1,1,0.9855,0.996,1,1,0.996,1,0.9485,0.9985,1,0.9765,0.9965,0.9725,0.825,0.999,0.1395,0.78,0.997,1,1,0,1,1,1,0.9985,0.476,1
1,1,0.9905,0.9955,1,1,0.9955,1,0.9505,0.999,1,0.981,0.9975,0.778,0.808,0.999,0.134,0.831,0.9965,1,0.997,0,1,1,1,0.9985,0.333,1
1,1,0.9155,0.996,1,1,0.995,1,0.9485,0.999,0.999,0.965,0.994,0.9855,0.801,0.9995,0.185,0.822,0.998,1,0.997,0.0005,1,1,1,0.999,0.389,1
1,1,0.9535,0.996,1,1,0.9955,1,0.954,0.999,0.999,0.977,0.995,0.9985,0.8005,0.9995,0.168,0.8405,0.998,1,0.9905,0.0315,1,1,1,0.999,0.3525,1
1,1,1,0.9395,1,1,0.9925,1,0.9535,0.972,0.9995,0.9955,0.706,0.1085,0.965,0.611,0.0285,0.153,0.9455,1,1,0.9965,0.97721519,1,1,0.001,1,0.983
1,1,1,0.9965,1,1,1,1,0.8855,0.9995,0.9525,1,0.9995,0,0.576,0.73,0.049,0.8645,0.887,1,1,0.008,1,1,1,0.9995,0.366,0.818
1,1,1,0.9985,1,1,0.984,1,0.95,0.99,1,0.986,0.9005,0.0005,0.8195,1,0.0485,0.39,0.9425,1,1,0.049,1,1,1,0.9755,0.9735,0.9905
0.9995,1,0.9065,0.996,1,1,0.9935,1,0.9495,0.9985,0.9965,0.99,0.9755,1,0.7595,0.9995,0.1515,0.6005,0.9975,1,1,0,1,1,1,0.9985,0.773,1
1,1,0.9835,0.996,1,1,0.9965,1,0.951,0.9985,1,0.972,0.9945,0.9865,0.819,0.999,0.1425,0.762,0.997,1,1,0,1,1,1,0.9985,0.5215,1
1,1,0.9395,0.996,1,1,0.996,1,0.9495,0.999,0.999,0.9685,0.9945,0.998,0.8035,0.999,0.1785,0.834,0.998,1,0.997,0,1,1,1,0.999,0.3765,1
1,1,0.9735,0.996,1,1,0.9955,1,0.9525,0.999,0.9985,0.9795,0.9965,0.954,0.812,0.999,0.1565,0.8595,0.998,1,0.991,0,1,1,1,0.999,0.286,1
1,1,0.9275,0.996,1,1,0.996,1,0.9515,0.999,0.999,0.9695,0.9945,0.9165,0.8155,0.999,0.1865,0.8235,0.998,1,0.9975,0,1,1,1,0.9995,0.3975,1
1,1,0.9995,0.999,1,0.999,0.999,1,0.743,0.999,0.878,0.9865,0.872,0.1735,0.4805,0.979,0.048,0.558,0.5925,1,1,0.999,1,1,1,0.994,0.8975,0.997
1,1,0.999,0.9945,1,1,1,1,0.906,0.9965,0.917,0.925,0.9845,0.8355,0.4995,0.6725,0.1885,0.812,0.9975,1,0.969,0.155,1,1,1,0.9995,0.3515,1
1,1,1,1,1,0.9825,1,1,0.004,0.7085,0,0.905,0.893,0.808,0,0.024,0.0675,0.996,0.0785,1,0,0.985,1,1,1,0.177,0.0225,1
1,1,0.9935,0.9975,1,1,0.9945,1,0.9605,0.9995,0.999,0.7215,1,0.0395,0.933,0.999,0.157,1,0.999,1,0,0.986,1,1,0.995,0.9995,0,1
1,1,0.9865,0.9975,1,1,0.995,1,0.953,0.9995,0.999,0.735,1,0.438,0.9275,0.999,0.177,1,0.999,1,0,0.9865,1,1,0.996,0.9995,0,1
0.9995,1,0.9315,0.996,1,1,0.996,1,0.9505,0.9985,0.998,0.9705,0.9985,0.9935,0.827,0.999,0.1825,0.854,0.998,1,0.9915,0,1,1,1,0.999,0.298,1
1,1,0.977,0.9975,1,0.9995,0.987,1,0.9475,0.9965,0.9995,0.965,0.973,0.996,0.8255,0.9995,0.095,0.5065,0.987,1,1,0,1,1,1,0.996,0.8685,1
1,1,0.9805,0.9975,1,1,0.994,1,0.9445,0.9995,0.999,0.698,1,0.446,0.935,0.999,0.183,1,0.999,1,0,0.992,1,1,0.9945,0.9995,0,1
0.9995,1,0.891,0.996,1,1,0.9925,1,0.948,0.9985,0.9965,0.9895,0.9755,0.9975,0.761,0.9995,0.1555,0.621,0.9975,1,1,0.585,1,1,1,0.998,0.755,1
1,1,0.967,0.9955,1,1,0.9965,1,0.952,0.999,1,0.967,0.9925,0.991,0.81,0.999,0.1545,0.765,0.997,1,1,0,1,1,1,0.9985,0.5245,1
1,1,0.9925,0.9955,1,1,0.996,1,0.951,0.999,1,0.9775,0.9965,0.505,0.8015,0.999,0.1335,0.8305,0.9975,1,0.9915,0,1,1,1,0.9985,0.3275,1
1,1,0.95,0.996,1,1,0.9955,1,0.952,0.9985,0.998,0.976,0.9965,0.9975,0.821,0.999,0.1725,0.8615,0.9985,1,0.98,0,1,1,1,0.999,0.265,1
1,1,0.9335,0.9975,0.994,1,0.996,1,0.946,0.999,0.9995,0.7,1,0.2205,0.935,0.999,0.2275,1,0.999,1,0,0.979,1,1,0.9985,0.999,0,1
1,1,0.981,0.999,1,1,0.9775,1,0.868,0.9975,0.9935,0.936,0.968,0.0125,0.7535,1,0.0655,0.591,0.933,1,1,0,1,1,1,0.9965,0.809,0.9995
1,1,0.99,0.9975,1,1,0.9945,1,0.956,0.9995,0.999,0.758,1,0.076,0.9275,0.999,0.167,1,0.999,1,0,0.9965,1,1,0.995,0.999,0,1
1,1,0.9545,0.996,1,1,0.995,1,0.956,0.999,0.999,0.9735,0.995,0.999,0.8005,0.9995,0.1685,0.8505,0.998,1,0.99,0,1,1,1,0.9995,0.33,1
1,1,1,0.9965,1,0.9995,1,1,0.824,1,0.8595,1,0.9995,0.916,0.426,0.7795,0.0745,0.9365,0.883,1,0.9885,0.1425,1,1,1,0.9765,0.202,0.9115
1,1,0.9155,0.996,1,1,0.9955,1,0.9525,0.9985,0.9985,0.9685,0.994,0.9065,0.818,0.999,0.189,0.838,0.998,1,0.9965,0,1,1,1,0.999,0.359,1
1,1,0.915,0.9995,1,0.9995,0.976,1,0.6745,0.9995,0.915,0.9645,0.9865,0.004,0.613,1,0.0505,0.8725,0.669,1,1,0.07,1,1,1,1,0.452,0.904
1,1,0.996,0.996,1,1,1,1,0.851,0.9865,0.9515,0.584,0.8725,0.6585,0.6075,0.9575,0.142,0.7305,0.9745,1,0.9115,0.9995,1,1,1,0.989,0.553,1
1,1,0.9955,0.998,1,0.999,0.9985,1,0.7805,0.9995,0.9255,0.9765,0.93,0.3335,0.557,0.996,0.1085,0.9705,0.8335,1,0.4765,1,1,1,1,0.9855,0.259,0.999
1,1,1,0.997,1,1,1,1,0.8955,0.999,0.9615,0.996,0.9265,0.3885,0.548,0.875,0.0745,0.461,0.9365,1,1,0,0.997468354,1,1,0.9455,0.936,0.9845
1,1,0.9675,0.9975,1,1,0.9955,1,0.952,0.999,0.999,0.724,1,0.7795,0.9235,0.999,0.201,1,0.999,1,0,0.996,1,1,0.997,0.999,0,1
1,1,0.9915,0.9965,1,1,0.995,1,0.9635,0.999,1,0.9425,1,0.227,0.8625,0.9995,0.1425,1,0.9985,1,0,0.9835,1,1,1,0.9985,0,1
