Feature_Pair,Accuracy_Class_1,Accuracy_Class_2,Accuracy_Class_3,AUC_Class_1,AUC_Class_2,AUC_Class_3,Sensitivity_class_1,Sensitivity_class_2,Sensitivity_class_3,Specificity_class_1,Specificity_class_2,Specificity_class_3,LR_positive_class_1,LR_positive_class_2,LR_positive_class_3,LR_negative_class_1,LR_negative_class_2,LR_negative_class_3,F1score_class_1,F1score_class_2,F1score_class_3,Classification_error,Pairwise_classification_accuracy,Rank_score,Alpha_1,Alpha_2,Beta_1,Beta_2,Beta_3,Beta_4,Beta_5,Beta_6,Beta_7,Mean_1,Mean_2,Mean_3,Mean_4,Mean_5,Mean_6,Mean_7,SD_1,SD_2,SD_3,SD_4,SD_5,SD_6,SD_7,azimilide,bepridil,disopyramide,dofetilide,ibutilide,quinidine,sotalol,vandetanib,astemizole,chlorpromazine,cisapride,clarithromycin,clozapine,domperidone,droperidol,ondansetron,pimozide,risperidone,terfenadine,diltiazem,loratadine,metoprolol,mexiletine,nifedipine,nitrendipine,ranolazine,tamoxifen,verapamil
dvdtmax-APD50-APD90-camax-carest-CaTD50-CaTD90,0.8125,0.625,0.75,0.927272727,0.698412698,0.82265625,0.6,0.428571429,0.75,0.818181818,0.666666667,0.75,5.49997525,1.714283571,2.999992,0.4000006,0.734694219,0.333334222,0.727272727,0.5,0.6,0.253636827,0.914691943,0.777777778,-30.20933867,-8.603524353,-17.9988818,-58.84129357,-59.59258374,19.02447639,64.29063963,-15.71719922,168.4047567,72.39906799,286.8620938,363.9871979,0.000245491,7.48E-05,314.3122396,747.0841354,1.261624597,53.76993945,83.19192952,1.78E-05,9.00E-07,14.34918714,29.43244193,1,1,0.2935,1,1,1,0.9285,1,0.9235,0.929,0.992,0.976,0.8555,0,0.8865,0.995,0.0275,0.8475,0.976,0.995,0.998,0.897,1,1,0.99,0.9625,0.3385,0.9775
dvdtmax-APD50-APD90-max_dv-camax-carest-CaTD90,0.8125,0.625,0.75,0.927272727,0.698412698,0.854166667,0.6,0.428571429,0.75,0.909090909,0.666666667,0.75,6.599938401,1.92856725,2.999992,0.440000616,0.734694219,0.333334222,0.666666667,0.5,0.6,0.24043311,0.928909953,0.777777778,-19.41858563,4.322543575,-16.66021252,-10.31956599,44.29477669,-59.40208489,-34.78134906,64.02927964,65.9460252,72.39906799,286.8620938,363.9871979,-0.298881594,0.000245491,7.48E-05,747.0841354,1.261624597,53.76993945,83.19192952,0.064078571,1.78E-05,9.00E-07,29.43244193,1,1,0.592,1,1,0.9995,0.9565,1,0.9335,0.9355,0.9965,0.9675,0.859,0,0.9365,0.9965,0.0205,0.897,0.9805,0.98,0.99,0.913,1,1,0.9435,0.9785,0.1755,0.985
dvdtmax-APD50-APD90-max_dv-carest-CaTD50-CaTD90,0.8125,0.625,0.75,0.927272727,0.698412698,0.84375,0.6,0.428571429,0.75,0.909090909,0.666666667,0.75,6.599938401,1.92856725,2.999992,0.440000616,0.734694219,0.333334222,0.666666667,0.5,0.6,0.245879705,0.924170616,0.777777778,-22.21497528,1.417406313,-13.31707682,-42.24081239,16.25522313,-43.94564162,58.22890108,3.802341704,101.5965239,72.39906799,286.8620938,363.9871979,-0.298881594,7.48E-05,314.3122396,747.0841354,1.261624597,53.76993945,83.19192952,0.064078571,9.00E-07,14.34918714,29.43244193,1,1,0.507,1,1,1,0.955,1,0.936,0.9325,0.9955,0.968,0.867,0,0.9265,0.996,0.0225,0.926,0.9825,0.98,0.992,0.9325,1,1,0.931,0.9765,0.1355,0.9835
dvdtmax-APD50-max_dv-camax-carest-CaTD50-CaTD90,0.8125,0.625,0.75,0.927272727,0.698412698,0.854166667,0.6,0.428571429,0.75,0.818181818,0.666666667,0.75,5.49997525,1.92856725,2.999992,0.440000616,0.734694219,0.333334222,0.666666667,0.5,0.6,0.249023636,0.924170616,0.777777778,-25.02395175,-1.289920958,-17.53516644,-11.51334077,-37.70613382,-25.45699481,68.44948512,-12.78009271,104.9603615,72.39906799,286.8620938,-0.298881594,0.000245491,7.48E-05,314.3122396,747.0841354,1.261624597,53.76993945,0.064078571,1.78E-05,9.00E-07,14.34918714,29.43244193,1,1,0.4505,1,1,1,0.9455,1,0.912,0.946,0.9945,0.9725,0.862,0,0.92,0.996,0.021,0.868,0.977,0.989,0.996,0.9035,1,1,0.978,0.9775,0.2095,0.9845
dvdtmax-APD90-max_dv-camax-carest-CaTD50-CaTD90,0.8125,0.625,0.75,0.927272727,0.714285714,0.854166667,0.6,0.428571429,0.75,0.909090909,0.666666667,0.75,6.599938401,1.92856725,2.999992,0.440000616,0.734694219,0.333334222,0.666666667,0.5,0.6,0.240404066,0.928909953,0.777777778,-19.90317941,3.467854748,-12.92432341,49.84997177,-59.08351046,-47.89713483,67.52105735,-9.41836003,65.6024014,72.39906799,363.9871979,-0.298881594,0.000245491,7.48E-05,314.3122396,747.0841354,1.261624597,83.19192952,0.064078571,1.78E-05,9.00E-07,14.34918714,29.43244193,1,1,0.572,1,1,1,0.957,1,0.9375,0.938,0.9965,0.9705,0.8565,0,0.9405,0.9965,0.023,0.8785,0.981,0.9785,0.991,0.9165,1,1,0.949,0.9775,0.195,0.985
dvdtmax-vmax-APD50-camax-carest-CaTD50-CaTD90,0.875,0.625,0.75,0.927272727,0.698412698,0.833333333,0.6,0.571428571,0.75,0.909090909,0.666666667,0.75,8.799914201,1.714283571,2.999992,0.4000006,0.642857679,0.333334222,0.75,0.571428571,0.6,0.260691429,0.924170616,0.777777778,-39.78992869,-9.46690473,-87.9909891,40.65260482,-37.72426559,-15.55629486,48.72503233,-13.41634188,92.09176932,72.39906799,41.22437831,286.8620938,0.000245491,7.48E-05,314.3122396,747.0841354,1.261624597,0.812209574,53.76993945,1.78E-05,9.00E-07,14.34918714,29.43244193,1,0.9995,0.301,1,1,1,0.9695,1,0.961,0.9865,0.9925,0.988,0.9195,0,0.9105,0.9995,0.021,1,0.986,0.9995,0.998,0.795,1,1,0.9985,0.997,0.0155,0.9905
dvdtmax-vmax-APD50-max_dv-camax-carest-CaTD50,0.8125,0.625,0.75,0.927272727,0.666666667,0.8125,0.6,0.428571429,0.75,0.909090909,0.666666667,0.75,6.599938401,1.714283571,2.999992,0.440000616,0.734694219,0.333334222,0.666666667,0.5,0.6,0.273779094,0.90521327,0.777777778,-21.41062829,11.38695707,-129.8169962,69.32349091,-64.75986082,37.45713407,-11.75732729,22.48280004,24.79790758,72.39906799,41.22437831,286.8620938,-0.298881594,0.000245491,7.48E-05,314.3122396,1.261624597,0.812209574,53.76993945,0.064078571,1.78E-05,9.00E-07,14.34918714,1,0.997,0.0715,1,0.9935,0.9995,0.977,0.999,0.9275,0.987,0.9925,0.9925,0.913,0.003,0.8895,0.999,0.014,0.9405,0.9905,1,1,0.7345,1,1,1,0.9975,0.2285,0.9885
dvdtmax-vmax-APD50-max_dv-camax-carest-CaTD90,0.875,0.625,0.75,0.927272727,0.698412698,0.8125,0.6,0.571428571,0.75,0.909090909,0.666666667,0.75,8.799914201,1.714283571,2.999992,0.4000006,0.642857679,0.333334222,0.75,0.571428571,0.6,0.269438652,0.914691943,0.777777778,-44.04601546,-11.76712795,-129.3930254,68.87610988,-120.568689,43.2776602,24.28639195,27.55467066,102.2756317,72.39906799,41.22437831,286.8620938,-0.298881594,0.000245491,7.48E-05,747.0841354,1.261624597,0.812209574,53.76993945,0.064078571,1.78E-05,9.00E-07,29.43244193,1,0.9985,0.1595,1,1,1,0.981,1,0.964,0.9875,0.994,0.9945,0.936,0.0025,0.912,0.997,0.029,1,0.9955,1,0.9985,0.767,1,1,1,0.9985,0.011,0.99
dvdtmax-vmax-APD50-max_dv-camax-CaTD50-CaTD90,0.875,0.625,0.75,0.927272727,0.682539683,0.802083333,0.6,0.571428571,0.75,0.909090909,0.666666667,0.75,8.799914201,1.714283571,2.999992,0.4000006,0.642857679,0.333334222,0.75,0.571428571,0.6,0.272816362,0.909952607,0.777777778,-50.55151887,-18.43269569,-132.7526376,80.81296666,-127.7281486,59.06398786,53.39136577,-2.351913655,101.0492348,72.39906799,41.22437831,286.8620938,-0.298881594,0.000245491,314.3122396,747.0841354,1.261624597,0.812209574,53.76993945,0.064078571,1.78E-05,14.34918714,29.43244193,1,0.9985,0.1455,1,1,1,0.9805,1,0.9495,0.985,0.992,0.9935,0.9395,0.0015,0.904,0.9975,0.0255,0.9975,0.997,0.999,0.989,0.78,1,1,0.9985,0.997,0.006,0.989
dvdtmax-vmax-APD50-max_dv-carest-CaTD50-CaTD90,0.875,0.625,0.75,0.945454545,0.698412698,0.833333333,0.6,0.571428571,0.75,0.909090909,0.666666667,0.75,8.799914201,1.714283571,2.999992,0.4000006,0.642857679,0.333334222,0.75,0.571428571,0.6,0.268836781,0.91943128,0.777777778,-42.90772152,-11.2974742,-122.0897368,63.26577849,-84.34810202,34.57361536,34.75218108,-8.731643858,90.09334678,72.39906799,41.22437831,286.8620938,-0.298881594,7.48E-05,314.3122396,747.0841354,1.261624597,0.812209574,53.76993945,0.064078571,9.00E-07,14.34918714,29.43244193,1,0.9975,0.178,1,1,1,0.978,1,0.964,0.9875,0.993,0.9945,0.929,0.0025,0.9075,0.9985,0.0275,0.9995,0.9935,1,0.9985,0.7635,1,1,1,0.9985,0.016,0.9885
dvdtmax-vmax-max_dv-camax-carest-CaTD50-CaTD90,0.875,0.625,0.75,0.945454545,0.698412698,0.833333333,0.6,0.571428571,0.75,0.909090909,0.666666667,0.75,8.799914201,1.714283571,2.999992,0.4000006,0.642857679,0.333334222,0.75,0.571428571,0.6,0.263555586,0.91943128,0.777777778,-54.09483676,-24.048066,-94.1411734,53.95837043,19.76779921,-26.29073078,31.64615192,-45.31382727,93.65527776,72.39906799,41.22437831,-0.298881594,0.000245491,7.48E-05,314.3122396,747.0841354,1.261624597,0.812209574,0.064078571,1.78E-05,9.00E-07,14.34918714,29.43244193,1,0.997,0.2755,1,1,1,0.9715,0.9975,0.9285,0.9865,0.992,0.9935,0.9225,0,0.9075,0.9995,0.0155,0.9945,0.9875,1,0.9995,0.796,1,1,1,0.9975,0.034,0.9885
dvdtmax-vrest-APD50-APD90-camax-carest-CaTD50,0.8125,0.625,0.75,0.927272727,0.714285714,0.8125,0.6,0.571428571,0.75,0.909090909,0.666666667,0.75,6.599938401,1.92856725,2.999992,0.4000006,0.642857679,0.333334222,0.727272727,0.571428571,0.6,0.255527568,0.909952607,0.777777778,-15.92649145,14.83398165,-5.226736963,35.77407675,110.7273226,-50.73566475,-10.06565569,-9.161917425,-10.85307383,72.39906799,-88.02084897,286.8620938,363.9871979,0.000245491,7.48E-05,314.3122396,1.261624597,0.009432504,53.76993945,83.19192952,1.78E-05,9.00E-07,14.34918714,1,0.9975,0.357,1,0.965,0.9995,0.994,1,0.9685,0.9895,1,0.997,0.9195,0.0045,0.94,0.999,0.0365,0.9565,0.999,1,1,0.8265,1,1,1,0.9985,0.035,0.9895
qNet-APD50-max_dv-camax-carest-CaTD50-CaTD90,0.875,0.625,0.75,0.945454545,0.714285714,0.833333333,0.6,0.571428571,0.75,0.909090909,0.666666667,0.75,8.799914201,1.92856725,2.999992,0.4000006,0.642857679,0.333334222,0.75,0.571428571,0.6,0.259153905,0.924170616,0.777777778,-31.86405403,2.991892863,-41.95942198,-94.43045067,20.58960229,49.67436218,6.409203842,-19.1466036,101.6141516,64.09733802,286.8620938,-0.298881594,0.000245491,7.48E-05,314.3122396,747.0841354,12.52235177,53.76993945,0.064078571,1.78E-05,9.00E-07,14.34918714,29.43244193,1,0.998,0.2635,1,1,1,0.9925,1,0.9515,0.992,0.9985,0.997,0.939,0.0025,0.9395,1,0.027,1,0.9975,0.9995,0.9745,0.838,1,1,1,1,0.002,0.9925
qNet-dvdtmax-APD50-APD90-camax-carest-CaTD50,0.8125,0.625,0.75,0.945454545,0.698412698,0.854166667,0.6,0.571428571,0.75,0.909090909,0.666666667,0.75,6.599938401,1.92856725,2.999992,0.440000616,0.642857679,0.333334222,0.666666667,0.571428571,0.6,0.245341731,0.928909953,0.777777778,-21.19318008,9.339846936,-43.96346897,2.410672406,-36.79279924,64.77894438,-0.488225141,-8.731034422,-18.41880873,64.09733802,72.39906799,286.8620938,363.9871979,0.000245491,7.48E-05,314.3122396,12.52235177,1.261624597,53.76993945,83.19192952,1.78E-05,9.00E-07,14.34918714,1,0.9975,0.432,1,1,0.999,0.994,1,0.948,0.9895,1,0.999,0.9105,0.003,0.961,0.999,0.0255,0.9435,0.999,0.9995,1,0.8045,1,0.9955,1,0.9985,0.128,0.99
qNet-dvdtmax-APD50-APD90-carest-CaTD50-CaTD90,0.875,0.6875,0.75,0.945454545,0.714285714,0.84375,0.6,0.571428571,0.75,0.909090909,0.666666667,0.75,8.799914201,2.142853714,2.999992,0.4000006,0.551020985,0.333334222,0.75,0.615384615,0.6,0.249966434,0.924170616,0.777777778,-27.09927233,4.744199509,-41.00902255,5.076032004,-52.00772051,54.84444395,8.446292651,-29.97852004,49.26361714,64.09733802,72.39906799,286.8620938,363.9871979,7.48E-05,314.3122396,747.0841354,12.52235177,1.261624597,53.76993945,83.19192952,9.00E-07,14.34918714,29.43244193,1,0.997,0.34,1,1,1,0.9955,1,0.9595,0.991,1,0.998,0.936,0.0025,0.956,0.9995,0.0305,1,0.9985,0.9995,0.9945,0.856,1,1,1,1,0.0045,0.991
qNet-dvdtmax-APD50-camax-carest-CaTD50-CaTD90,0.875,0.625,0.75,0.945454545,0.698412698,0.833333333,0.6,0.571428571,0.75,0.909090909,0.666666667,0.75,8.799914201,1.714283571,2.999992,0.4000006,0.642857679,0.333334222,0.75,0.571428571,0.6,0.263682119,0.91943128,0.777777778,-26.63316237,8.121751779,-38.7882501,-14.76940251,-55.14842536,15.80986031,22.61318947,-13.80764439,74.62961469,64.09733802,72.39906799,286.8620938,0.000245491,7.48E-05,314.3122396,747.0841354,12.52235177,1.261624597,53.76993945,1.78E-05,9.00E-07,14.34918714,29.43244193,1,0.9985,0.2645,1,1,1,0.9885,1,0.933,0.9915,0.9945,0.9965,0.938,0.0025,0.937,1,0.0145,1,0.9945,0.9995,0.936,0.84,1,1,0.9985,1,0.0025,0.993
qNet-dvdtmax-APD50-max_dv-camax-carest-CaTD90,0.875,0.625,0.75,0.945454545,0.698412698,0.833333333,0.6,0.571428571,0.75,0.909090909,0.666666667,0.75,8.799914201,1.714283571,2.999992,0.4000006,0.642857679,0.333334222,0.75,0.571428571,0.6,0.259468331,0.924170616,0.777777778,-25.43022535,9.534181911,-42.91664259,-15.32912745,-120.7924083,17.31530382,53.09240277,12.61187165,93.07039945,64.09733802,72.39906799,286.8620938,-0.298881594,0.000245491,7.48E-05,747.0841354,12.52235177,1.261624597,53.76993945,0.064078571,1.78E-05,9.00E-07,29.43244193,1,0.9985,0.268,1,1,1,0.993,1,0.961,0.991,0.9985,0.9975,0.936,0.0035,0.9405,0.9995,0.028,1,0.9975,0.9995,0.9755,0.8185,1,1,0.9985,1,0.0025,0.993
qNet-dvdtmax-APD50-max_dv-camax-CaTD50-CaTD90,0.8125,0.625,0.75,0.945454545,0.698412698,0.833333333,0.6,0.571428571,0.75,0.909090909,0.666666667,0.75,8.799914201,1.714283571,2.999992,0.440000616,0.642857679,0.333334222,0.666666667,0.571428571,0.6,0.262016633,0.91943128,0.777777778,-32.11936168,3.134229081,-44.35245976,0.254559144,-99.10138266,22.9001656,57.72430881,-16.90901757,98.28859352,64.09733802,72.39906799,286.8620938,-0.298881594,0.000245491,314.3122396,747.0841354,12.52235177,1.261624597,53.76993945,0.064078571,1.78E-05,14.34918714,29.43244193,1,0.998,0.2755,1,1,1,0.9925,1,0.948,0.99,0.999,0.997,0.9415,0.003,0.939,1,0.027,1,0.9975,0.999,0.928,0.8295,1,1,0.9995,1,0.002,0.9925
qNet-dvdtmax-APD50-max_dv-carest-CaTD50-CaTD90,0.875,0.625,0.75,0.945454545,0.714285714,0.84375,0.6,0.571428571,0.75,0.909090909,0.666666667,0.75,8.799914201,1.92856725,2.999992,0.4000006,0.642857679,0.333334222,0.75,0.571428571,0.6,0.259717516,0.924170616,0.777777778,-22.83366126,10.40438965,-37.16437594,-14.38357501,-43.02242961,6.146473365,24.06646656,-15.41477633,56.43815528,64.09733802,72.39906799,286.8620938,-0.298881594,7.48E-05,314.3122396,747.0841354,12.52235177,1.261624597,53.76993945,0.064078571,9.00E-07,14.34918714,29.43244193,1,0.997,0.2555,1,1,1,0.992,1,0.95,0.993,0.996,0.9975,0.936,0.0035,0.9365,1,0.021,1,0.995,1,0.999,0.816,1,1,0.9995,1,0.0095,0.992
qNet-dvdtmax-APD90-camax-carest-CaTD50-CaTD90,0.8125,0.625,0.75,0.927272727,0.666666667,0.833333333,0.6,0.571428571,0.75,0.909090909,0.666666667,0.75,8.799914201,1.714283571,2.999992,0.440000616,0.642857679,0.333334222,0.666666667,0.571428571,0.6,0.254503168,0.91943128,0.777777778,-43.28143951,-10.86278649,-39.02392492,19.56894255,46.25229333,2.322809429,-4.196926034,-58.23931373,66.96472486,64.09733802,72.39906799,363.9871979,0.000245491,7.48E-05,314.3122396,747.0841354,12.52235177,1.261624597,83.19192952,1.78E-05,9.00E-07,14.34918714,29.43244193,1,0.9965,0.4465,1,1,1,0.9925,0.998,0.941,0.992,0.999,0.997,0.9335,5.00E-04,0.946,0.9995,0.019,0.9895,0.997,0.9995,0.984,0.8425,1,0.901,1,1,0.012,0.99
qNet-dvdtmax-max_dv-camax-carest-CaTD50-CaTD90,0.875,0.625,0.75,0.945454545,0.698412698,0.833333333,0.6,0.571428571,0.75,0.909090909,0.666666667,0.75,8.799914201,1.92856725,2.999992,0.4000006,0.642857679,0.333334222,0.75,0.571428571,0.6,0.25531527,0.924170616,0.777777778,-39.97544126,-6.803668332,-35.84786643,2.653796616,4.580454167,3.252790484,12.05285994,-47.20627206,83.0800317,64.09733802,72.39906799,-0.298881594,0.000245491,7.48E-05,314.3122396,747.0841354,12.52235177,1.261624597,0.064078571,1.78E-05,9.00E-07,14.34918714,29.43244193,1,0.997,0.3485,1,1,1,0.988,0.9985,0.9245,0.9905,0.996,0.997,0.9385,0.0015,0.933,1,0.012,1,0.9925,1,0.996,0.837,1,1,1,1,0.0075,0.9915
qNet-dvdtmax-vmax-APD50-camax-carest-CaTD50,0.875,0.625,0.75,0.945454545,0.682539683,0.833333333,0.6,0.428571429,0.75,0.909090909,0.666666667,0.75,8.799914201,1.714283571,2.999992,0.4000006,0.642857679,0.333334222,0.75,0.545454545,0.6,0.268173574,0.914691943,0.777777778,-16.54899521,16.71271652,-33.89203377,-32.96823892,9.696212575,1.194485907,-20.54838746,17.10410161,-4.230630648,64.09733802,72.39906799,41.22437831,286.8620938,0.000245491,7.48E-05,314.3122396,12.52235177,1.261624597,0.812209574,53.76993945,1.78E-05,9.00E-07,14.34918714,1,0.998,0.2405,1,1,0.9995,0.9805,0.998,0.8775,0.9905,0.992,0.997,0.92,0.003,0.9225,1,0.0035,0.9985,0.991,1,0.999,0.8165,1,1,1,0.9985,0.013,0.9915
qNet-dvdtmax-vmax-APD50-camax-carest-CaTD90,0.8125,0.625,0.75,0.945454545,0.698412698,0.833333333,0.6,0.571428571,0.75,0.909090909,0.666666667,0.75,8.799914201,1.714283571,2.999992,0.440000616,0.642857679,0.333334222,0.666666667,0.571428571,0.6,0.263681339,0.924170616,0.777777778,-23.12903733,12.03226414,-44.71341496,-8.962962877,-8.053163692,-97.77457927,39.38875575,21.64319787,87.8688595,64.09733802,72.39906799,41.22437831,286.8620938,0.000245491,7.48E-05,747.0841354,12.52235177,1.261624597,0.812209574,53.76993945,1.78E-05,9.00E-07,29.43244193,1,0.999,0.3005,1,1,0.9995,0.992,1,0.95,0.9905,0.996,0.9965,0.9325,0.003,0.94,1,0.021,1,0.995,0.999,0.8825,0.84,1,1,0.994,1,0.0025,0.993
qNet-dvdtmax-vmax-APD50-carest-CaTD50-CaTD90,0.875,0.6875,0.75,0.945454545,0.714285714,0.833333333,0.6,0.571428571,0.75,0.909090909,0.666666667,0.75,8.799914201,2.142853714,2.999992,0.4000006,0.642857545,0.333334222,0.75,0.571428571,0.6,0.253396157,0.924170616,0.777777778,-28.18995439,4.455894504,-43.03055524,17.35381901,-15.54637642,-26.00008001,24.3327597,-35.65051617,80.83550903,64.09733802,72.39906799,41.22437831,286.8620938,7.48E-05,314.3122396,747.0841354,12.52235177,1.261624597,0.812209574,53.76993945,9.00E-07,14.34918714,29.43244193,1,0.997,0.3345,1,1,1,0.9925,1,0.9525,0.9925,0.9965,0.998,0.9315,0.0025,0.94,0.9995,0.023,1,0.996,1,0.9985,0.834,1,1,0.9995,1,0.01,0.9915
qNet-dvdtmax-vmax-APD50-max_dv-camax-carest,0.8125,0.625,0.75,0.945454545,0.682539683,0.833333333,0.6,0.428571429,0.75,0.909090909,0.666666667,0.75,6.599938401,1.714283571,2.999992,0.4000006,0.642857679,0.333334222,0.727272727,0.545454545,0.6,0.270970287,0.914691943,0.777777778,-17.94672316,15.61655856,-31.50264708,-44.48626384,19.45689628,-19.40144872,14.32306605,-8.743748518,9.483455285,64.09733802,72.39906799,41.22437831,286.8620938,-0.298881594,0.000245491,7.48E-05,12.52235177,1.261624597,0.812209574,53.76993945,0.064078571,1.78E-05,9.00E-07,1,0.997,0.2065,1,1,0.9995,0.9845,0.9985,0.8965,0.9905,0.994,0.997,0.918,0.004,0.918,1,0.007,0.9595,0.993,1,1,0.8,1,1,1,0.998,0.039,0.989
qNet-dvdtmax-vmax-APD50-max_dv-camax-CaTD90,0.8125,0.625,0.75,0.945454545,0.698412698,0.833333333,0.6,0.571428571,0.75,0.909090909,0.666666667,0.75,8.799914201,1.714283571,2.999992,0.440000616,0.642857679,0.333334222,0.666666667,0.571428571,0.6,0.267549553,0.91943128,0.777777778,-27.63340941,7.834021336,-43.77545703,-16.38148495,5.186627896,-125.9463762,25.41845677,66.62672872,90.38467202,64.09733802,72.39906799,41.22437831,286.8620938,-0.298881594,0.000245491,747.0841354,12.52235177,1.261624597,0.812209574,53.76993945,0.064078571,1.78E-05,29.43244193,1,0.9985,0.252,1,1,1,0.9925,1,0.9495,0.9895,0.9995,0.997,0.9395,0.0035,0.9385,1,0.0265,1,0.9975,0.999,0.8765,0.8195,1,1,0.9975,1,0.002,0.9925
qNet-dvdtmax-vmax-APD50-max_dv-carest-CaTD50,0.8125,0.625,0.75,0.945454545,0.698412698,0.854166667,0.6,0.428571429,0.75,0.909090909,0.666666667,0.75,6.599938401,1.714283571,2.999992,0.440000616,0.642857679,0.333334222,0.666666667,0.545454545,0.6,0.24071547,0.928909953,0.777777778,-62.6892616,27.62604562,-102.163272,56.3208726,-25.2080944,34.33520835,44.24569781,-19.18744142,-45.58219464,64.09733802,72.39906799,41.22437831,286.8620938,-0.298881594,7.48E-05,314.3122396,12.52235177,1.261624597,0.812209574,53.76993945,0.064078571,9.00E-07,14.34918714,1,1,0.54,1,0.9995,0.9975,0.998,1,0.8985,1,0.9965,1,0.9445,0,0.9015,0.9995,0.0045,0.863,0.984,1,1,0.5965,1,0.9585,1,0.9325,0.5165,0.686
qNet-dvdtmax-vmax-APD50-max_dv-carest-CaTD90,0.875,0.625,0.75,0.945454545,0.698412698,0.854166667,0.6,0.571428571,0.75,0.909090909,0.666666667,0.75,8.799914201,1.92856725,2.999992,0.4000006,0.642857679,0.333334222,0.75,0.571428571,0.6,0.261603216,0.91943128,0.777777778,-17.75085203,15.76804181,-35.39181442,-32.86447815,5.660071655,-62.06294809,7.874911732,27.9038574,44.25203596,64.09733802,72.39906799,41.22437831,286.8620938,-0.298881594,7.48E-05,747.0841354,12.52235177,1.261624597,0.812209574,53.76993945,0.064078571,9.00E-07,29.43244193,1,0.998,0.232,1,1,1,0.9905,1,0.96,0.992,0.995,0.9975,0.93,0.006,0.9355,1,0.022,1,0.9945,1,0.9985,0.802,1,1,0.9995,1,0.0105,0.992
qNet-dvdtmax-vmax-APD50-max_dv-CaTD50-CaTD90,0.875,0.625,0.75,0.945454545,0.666666667,0.833333333,0.6,0.571428571,0.75,0.909090909,0.666666667,0.75,8.799914201,1.714283571,2.999992,0.4000006,0.642857679,0.333334222,0.75,0.571428571,0.6,0.25899826,0.91943128,0.777777778,-32.30183652,0.393888259,-49.98174519,38.95084144,-19.52109386,28.61098078,-1.896915682,-51.60286987,55.80146499,64.09733802,72.39906799,41.22437831,286.8620938,-0.298881594,314.3122396,747.0841354,12.52235177,1.261624597,0.812209574,53.76993945,0.064078571,14.34918714,29.43244193,1,0.9965,0.358,1,0.9995,1,0.9845,0.9975,0.898,0.99,0.9965,0.9975,0.9255,0.002,0.935,1,0.007,0.983,0.992,1,0.9975,0.866,1,0.9615,0.9995,1,0.0105,0.9895
qNet-dvdtmax-vmax-APD90-camax-carest-CaTD50,0.875,0.625,0.75,0.945454545,0.682539683,0.854166667,0.6,0.571428571,0.75,0.909090909,0.666666667,0.75,8.799914201,1.714283571,2.999992,0.4000006,0.642857679,0.333334222,0.75,0.571428571,0.6,0.253741302,0.924170616,0.777777778,-28.63047667,3.571005661,-33.74110267,-7.600570978,14.06399795,61.83350172,-14.4306611,-7.350581608,-30.10805026,64.09733802,72.39906799,41.22437831,363.9871979,0.000245491,7.48E-05,314.3122396,12.52235177,1.261624597,0.812209574,83.19192952,1.78E-05,9.00E-07,14.34918714,1,0.996,0.382,1,0.9995,1,0.9925,0.9975,0.931,0.9925,1,0.997,0.929,0.0015,0.942,0.9995,0.014,0.958,0.997,1,0.999,0.814,1,0.9945,1,1,0.059,0.99
qNet-dvdtmax-vmax-APD90-camax-CaTD50-CaTD90,0.875,0.625,0.75,0.945454545,0.682539683,0.833333333,0.6,0.571428571,0.75,0.909090909,0.666666667,0.75,8.799914201,1.92856725,2.999992,0.4000006,0.642857545,0.333334222,0.75,0.571428571,0.6,0.249309105,0.924170616,0.777777778,-41.4536052,-9.028481928,-41.06198803,30.8319754,-7.764501373,34.22885111,4.848616796,-58.79690927,76.36268294,64.09733802,72.39906799,41.22437831,363.9871979,0.000245491,314.3122396,747.0841354,12.52235177,1.261624597,0.812209574,83.19192952,1.78E-05,14.34918714,29.43244193,1,0.9965,0.4435,1,1,1,0.9925,0.998,0.9435,0.992,0.999,0.997,0.935,5.00E-04,0.9455,0.9995,0.0185,0.989,0.9965,1,0.994,0.8435,1,0.9685,1,1,0.0135,0.99
qNet-dvdtmax-vmax-APD90-carest-CaTD50-CaTD90,0.8125,0.625,0.75,0.927272727,0.682539683,0.833333333,0.6,0.571428571,0.75,0.909090909,0.666666667,0.75,8.799914201,1.714283571,2.999992,0.440000616,0.642857679,0.333334222,0.666666667,0.571428571,0.6,0.251669587,0.924170616,0.777777778,-42.29781145,-10.05559226,-38.67869994,18.20102911,0.061468825,45.75317026,-2.665598508,-57.10815634,64.94205452,64.09733802,72.39906799,41.22437831,363.9871979,7.48E-05,314.3122396,747.0841354,12.52235177,1.261624597,0.812209574,83.19192952,9.00E-07,14.34918714,29.43244193,1,0.9965,0.4445,1,1,1,0.9925,0.998,0.942,0.992,0.999,0.997,0.9345,5.00E-04,0.9455,0.9995,0.019,0.9865,0.997,1,0.991,0.8405,1,0.94,1,1,0.0145,0.9895
qNet-dvdtmax-vmax-camax-carest-CaTD50-CaTD90,0.875,0.6875,0.75,0.945454545,0.682539683,0.833333333,0.6,0.571428571,0.75,0.909090909,0.666666667,0.75,8.799914201,2.142853714,2.999992,0.4000006,0.551020985,0.333334222,0.75,0.615384615,0.6,0.248430791,0.924170616,0.777777778,-41.85821244,-8.483750279,-50.71634699,68.07618711,-30.63267734,23.5401446,4.447333786,-67.65220761,116.5383966,64.09733802,72.39906799,41.22437831,0.000245491,7.48E-05,314.3122396,747.0841354,12.52235177,1.261624597,0.812209574,1.78E-05,9.00E-07,14.34918714,29.43244193,1,0.997,0.426,1,1,1,0.991,1,0.9395,0.99,0.998,0.9975,0.9355,0.001,0.9425,0.9995,0.0195,0.9935,0.9955,1,0.9915,0.8665,1,0.9825,1,1,0.01,0.9905
qNet-dvdtmax-vmax-max_dv-camax-carest-CaTD50,0.875,0.625,0.75,0.945454545,0.698412698,0.833333333,0.6,0.571428571,0.75,0.909090909,0.666666667,0.75,8.799914201,1.714283571,2.999992,0.4000006,0.642857679,0.333334222,0.75,0.571428571,0.6,0.268267099,0.91943128,0.777777778,-17.3458063,15.60569638,-32.56682054,-32.54183619,11.61078775,4.990940504,-18.82360376,14.45390064,-5.801516243,64.09733802,72.39906799,41.22437831,-0.298881594,0.000245491,7.48E-05,314.3122396,12.52235177,1.261624597,0.812209574,0.064078571,1.78E-05,9.00E-07,14.34918714,1,0.997,0.237,1,1,0.9995,0.983,0.997,0.891,0.9905,0.9935,0.997,0.917,0.003,0.9215,1,0.005,0.989,0.992,1,0.9995,0.8095,1,1,1,0.999,0.0205,0.99
qNet-dvdtmax-vmax-max_dv-camax-carest-CaTD90,0.875,0.625,0.75,0.945454545,0.682539683,0.833333333,0.6,0.428571429,0.75,0.909090909,0.666666667,0.75,8.799914201,1.714283571,2.999992,0.4000006,0.642857679,0.333334222,0.75,0.545454545,0.6,0.268517791,0.914691943,0.777777778,-16.14307943,17.27916242,-28.17718554,-32.12547105,10.76910221,-3.945778277,-18.39153684,21.34452494,3.649198766,64.09733802,72.39906799,41.22437831,-0.298881594,0.000245491,7.48E-05,747.0841354,12.52235177,1.261624597,0.812209574,0.064078571,1.78E-05,9.00E-07,29.43244193,1,0.9995,0.2425,1,1,1,0.98,1,0.881,0.99,0.9925,0.995,0.924,0.0025,0.9215,1,0.004,1,0.988,1,0.999,0.8005,1,1,1,0.9995,0.0125,0.992
qNet-dvdtmax-vmax-max_dv-carest-CaTD50-CaTD90,0.875,0.6875,0.75,0.945454545,0.714285714,0.833333333,0.6,0.571428571,0.75,0.909090909,0.666666667,0.75,8.799914201,2.142853714,2.999992,0.4000006,0.551020985,0.333334222,0.75,0.615384615,0.6,0.247388801,0.924170616,0.777777778,-34.75513856,-1.787787502,-49.98048054,52.47567442,-32.43631448,-11.14060497,24.04923198,-57.80930611,105.8537671,64.09733802,72.39906799,41.22437831,-0.298881594,7.48E-05,314.3122396,747.0841354,12.52235177,1.261624597,0.812209574,0.064078571,9.00E-07,14.34918714,29.43244193,1,0.997,0.4115,1,1,1,0.9905,1,0.946,0.991,0.9955,0.998,0.935,0.002,0.9435,0.9995,0.021,1,0.995,1,0.991,0.8635,1,1,0.9995,1,0.0085,0.992
qNet-dvdtmax-vmax-vrest-APD50-APD90-CaTD50,0.8125,0.625,0.75,0.945454545,0.682539683,0.854166667,0.6,0.571428571,0.75,0.909090909,0.666666667,0.75,8.799914201,1.714283571,2.999992,0.440000616,0.642857679,0.333334222,0.666666667,0.571428571,0.6,0.256602989,0.924170616,0.777777778,-27.60505861,5.051074714,-63.89315143,-32.6862571,29.41971378,-27.462034,-184.0324178,185.1352939,-14.28780671,64.09733802,72.39906799,41.22437831,-88.02084897,286.8620938,363.9871979,314.3122396,12.52235177,1.261624597,0.812209574,0.009432504,53.76993945,83.19192952,14.34918714,1,0.997,0.353,1,1,1,0.9955,0.9985,0.948,0.992,1,0.9975,0.9415,0.0025,0.967,0.997,0.023,0.9985,0.9985,0.9995,0.9245,0.8195,1,0.9975,0.9985,1,0.003,0.9935
qNet-dvdtmax-vrest-APD50-APD90-camax-carest,0.8125,0.625,0.75,0.927272727,0.714285714,0.875,0.6,0.571428571,0.75,0.909090909,0.666666667,0.75,6.599938401,1.92856725,2.999992,0.4000006,0.642857679,0.333334222,0.727272727,0.571428571,0.6,0.250689041,0.924170616,0.777777778,-14.40072483,15.47215273,-33.11440648,-13.05981903,9.729208385,-25.74222866,28.40395948,5.187899177,-4.462429289,64.09733802,72.39906799,-88.02084897,286.8620938,363.9871979,0.000245491,7.48E-05,12.52235177,1.261624597,0.009432504,53.76993945,83.19192952,1.78E-05,9.00E-07,1,0.9985,0.39,1,1,0.9985,0.9955,1,0.961,0.988,1,0.999,0.9125,0.0065,0.956,0.9985,0.0325,0.9585,0.998,0.9995,1,0.8085,1,1,1,0.9955,0.041,0.989
qNet-dvdtmax-vrest-APD50-APD90-camax-CaTD50,0.8125,0.625,0.75,0.945454545,0.714285714,0.864583333,0.6,0.571428571,0.75,0.909090909,0.666666667,0.75,6.599938401,1.92856725,2.999992,0.440000616,0.642857679,0.333334222,0.666666667,0.571428571,0.6,0.244586737,0.928909953,0.777777778,-18.29828453,11.69408329,-37.72703531,-4.88897772,3.159305053,-22.80970355,46.51395716,-9.680911582,-14.44684561,64.09733802,72.39906799,-88.02084897,286.8620938,363.9871979,0.000245491,314.3122396,12.52235177,1.261624597,0.009432504,53.76993945,83.19192952,1.78E-05,14.34918714,1,0.9975,0.4115,1,1,0.999,0.9965,1,0.954,0.9905,1,0.999,0.911,0.004,0.9545,0.9985,0.0285,0.938,0.999,1,1,0.794,1,1,1,0.999,0.168,0.9885
qNet-dvdtmax-vrest-APD50-APD90-carest-CaTD50,0.8125,0.625,0.75,0.945454545,0.698412698,0.864583333,0.6,0.571428571,0.75,0.909090909,0.666666667,0.75,6.599938401,1.92856725,2.999992,0.440000616,0.642857679,0.333334222,0.666666667,0.571428571,0.6,0.245845049,0.928909953,0.777777778,-20.26601882,10.05436973,-39.70495674,1.48947171,3.307699356,-25.95759372,54.65733874,-9.01993314,-16.51675466,64.09733802,72.39906799,-88.02084897,286.8620938,363.9871979,7.48E-05,314.3122396,12.52235177,1.261624597,0.009432504,53.76993945,83.19192952,9.00E-07,14.34918714,1,0.9975,0.425,1,1,0.999,0.9935,1,0.952,0.9895,1,0.9985,0.914,0.003,0.96,0.999,0.0285,0.9445,0.999,0.9995,1,0.805,1,0.999,1,0.9985,0.113,0.9905
qNet-dvdtmax-vrest-APD50-APD90-carest-CaTD90,0.875,0.6875,0.75,0.945454545,0.714285714,0.854166667,0.6,0.571428571,0.75,0.909090909,0.666666667,0.75,8.799914201,2.142853714,2.999992,0.4000006,0.642857545,0.333334222,0.75,0.571428571,0.6,0.254148549,0.924170616,0.777777778,-16.18531216,16.08333161,-27.21330472,-22.55546015,11.24920553,-36.98762837,5.784975461,19.16759481,36.33579789,64.09733802,72.39906799,-88.02084897,286.8620938,363.9871979,7.48E-05,747.0841354,12.52235177,1.261624597,0.009432504,53.76993945,83.19192952,9.00E-07,29.43244193,1,0.998,0.325,1,1,0.9995,0.9965,1,0.9645,0.9925,1,0.998,0.926,0.008,0.9525,0.9985,0.032,1,0.9985,0.9995,0.9985,0.802,1,1,0.9995,1,0.0045,0.991
qNet-dvdtmax-vrest-APD50-APD90-CaTD50-CaTD90,0.875,0.6875,0.75,0.945454545,0.714285714,0.84375,0.6,0.571428571,0.75,0.909090909,0.666666667,0.75,8.799914201,2.142853714,2.999992,0.4000006,0.551020985,0.333334222,0.75,0.615384615,0.6,0.25116161,0.924170616,0.777777778,-28.42817257,3.311074551,-34.68600513,10.21519734,6.268059815,-14.85643383,40.23601124,-34.34392009,43.87303209,64.09733802,72.39906799,-88.02084897,286.8620938,363.9871979,314.3122396,747.0841354,12.52235177,1.261624597,0.009432504,53.76993945,83.19192952,14.34918714,29.43244193,1,0.997,0.3465,1,1,1,0.9945,1,0.953,0.992,1,0.998,0.9355,0.0025,0.955,0.9995,0.0305,0.9985,0.9985,0.9995,0.9685,0.867,1,1,1,1,0.0035,0.99
qNet-dvdtmax-vrest-APD50-camax-carest-CaTD50,0.8125,0.625,0.75,0.945454545,0.714285714,0.854166667,0.6,0.571428571,0.75,0.909090909,0.666666667,0.75,6.599938401,1.92856725,2.999992,0.4000006,0.642857679,0.333334222,0.727272727,0.571428571,0.6,0.251632583,0.928909953,0.777777778,-18.53461394,12.5035938,-21.470036,-3.80796107,19.43650548,43.76578487,-5.91551901,-8.874695627,-14.13362473,64.09733802,72.39906799,-88.02084897,286.8620938,0.000245491,7.48E-05,314.3122396,12.52235177,1.261624597,0.009432504,53.76993945,1.78E-05,9.00E-07,14.34918714,1,0.9975,0.383,1,1,0.999,0.994,1,0.9505,0.9895,1,0.998,0.915,0.004,0.9465,0.999,0.0305,0.9525,0.999,1,1,0.8205,1,1,1,0.9985,0.05,0.989
qNet-dvdtmax-vrest-APD90-carest-CaTD50-CaTD90,0.875,0.625,0.75,0.945454545,0.714285714,0.84375,0.6,0.571428571,0.75,0.909090909,0.666666667,0.75,8.799914201,1.92856725,2.999992,0.4000006,0.551020985,0.333334222,0.75,0.615384615,0.6,0.25418237,0.924170616,0.777777778,-26.90842302,5.33974612,-27.58854901,4.607970442,12.28136548,16.53080479,4.695381614,-29.89764385,51.06508498,64.09733802,72.39906799,-88.02084897,363.9871979,7.48E-05,314.3122396,747.0841354,12.52235177,1.261624597,0.009432504,83.19192952,9.00E-07,14.34918714,29.43244193,1,0.997,0.31,1,1,1,0.995,1,0.958,0.992,1,0.998,0.9395,0.0025,0.9505,0.9995,0.0315,1,0.9985,0.9995,0.947,0.8725,1,1,1,1,0.002,0.991
qNet-dvdtmax-vrest-max_dv-camax-carest-CaTD50,0.875,0.625,0.75,0.945454545,0.698412698,0.833333333,0.6,0.571428571,0.75,0.909090909,0.666666667,0.75,8.799914201,1.92856725,2.999992,0.4000006,0.642857679,0.333334222,0.75,0.571428571,0.6,0.258587143,0.91943128,0.777777778,-14.52734485,17.0386759,-36.04350321,-20.71133475,10.87260477,0.143616558,-0.305804278,-1.949478278,-1.352641178,64.09733802,72.39906799,-88.02084897,-0.298881594,0.000245491,7.48E-05,314.3122396,12.52235177,1.261624597,0.009432504,0.064078571,1.78E-05,9.00E-07,14.34918714,1,0.998,0.312,1,1,0.998,0.993,1,0.9245,0.9865,0.999,0.999,0.9205,0.0095,0.9405,0.999,0.0145,0.9965,0.9975,0.9995,0.9865,0.837,1,1,0.999,0.995,0.0035,0.99
qNet-vmax-APD50-APD90-carest-CaTD50-CaTD90,0.875,0.625,0.75,0.945454545,0.714285714,0.84375,0.6,0.571428571,0.75,0.909090909,0.666666667,0.75,8.799914201,1.714283571,2.999992,0.4000006,0.642857545,0.333334222,0.75,0.571428571,0.6,0.257139135,0.924170616,0.777777778,-27.92595042,4.011483413,-39.08462483,8.266227174,-57.08625025,71.24432481,3.308565616,-30.45677062,43.26905953,64.09733802,41.22437831,286.8620938,363.9871979,7.48E-05,314.3122396,747.0841354,12.52235177,0.812209574,53.76993945,83.19192952,9.00E-07,14.34918714,29.43244193,1,0.997,0.293,1,1,1,0.9965,1,0.955,0.992,1,0.9975,0.94,0.0025,0.9585,0.999,0.03,1,0.9985,0.9995,0.9035,0.883,1,1,1,1,0.002,0.9915
qNet-vmax-APD50-APD90-max_dv-camax-CaTD50,0.8125,0.5625,0.6875,0.945454545,0.666666667,0.84375,0.6,0.428571429,0.75,0.909090909,0.666666667,0.666666667,6.599938401,1.285713429,2.24999625,0.440000616,0.857143071,0.375000937,0.666666667,0.461538462,0.545454545,0.299965413,0.91943128,0.777777778,-66.45433002,20.45527765,-67.45051941,15.56253537,54.82516142,-94.32265911,84.80730948,0.696884049,-17.57133877,64.09733802,41.22437831,286.8620938,363.9871979,-0.298881594,0.000245491,314.3122396,12.52235177,0.812209574,53.76993945,83.19192952,0.064078571,1.78E-05,14.34918714,1,1,0.742,1,1,0.997,1,1,0.599,1,0.5855,0.9995,0.9755,0,0.5385,0.887,0,0.954,0.6985,1,1,0.4155,1,1,1,0.5895,0.0565,0.672
qNet-vmax-APD50-camax-carest-CaTD50-CaTD90,0.875,0.625,0.75,0.945454545,0.698412698,0.833333333,0.6,0.571428571,0.75,0.909090909,0.666666667,0.75,8.799914201,1.714283571,2.999992,0.4000006,0.642857679,0.333334222,0.75,0.571428571,0.6,0.257613167,0.91943128,0.777777778,-26.31407656,8.617174386,-45.65459449,-10.33687666,-68.29390559,23.63647924,22.19479434,-16.25331529,86.51391102,64.09733802,41.22437831,286.8620938,0.000245491,7.48E-05,314.3122396,747.0841354,12.52235177,0.812209574,53.76993945,1.78E-05,9.00E-07,14.34918714,29.43244193,1,0.9985,0.305,1,1,1,0.991,1,0.9465,0.992,0.9965,0.997,0.9365,0.0035,0.941,1,0.0205,1,0.9955,0.9995,0.97,0.84,1,1,0.997,1,0.002,0.9925
qNet-vmax-APD50-max_dv-camax-carest-CaTD50,0.8125,0.625,0.75,0.945454545,0.698412698,0.833333333,0.6,0.428571429,0.75,0.909090909,0.666666667,0.75,6.599938401,1.714283571,2.999992,0.4000006,0.734694219,0.333334222,0.727272727,0.5,0.6,0.251509954,0.91943128,0.777777778,-19.73634474,11.36847606,-37.88557233,-3.173993647,37.77773332,-3.083880329,-22.42731908,6.67003123,-22.87881317,64.09733802,41.22437831,286.8620938,-0.298881594,0.000245491,7.48E-05,314.3122396,12.52235177,0.812209574,53.76993945,0.064078571,1.78E-05,9.00E-07,14.34918714,1,0.9975,0.3185,1,0.9985,0.9985,0.981,0.996,0.8845,0.9885,0.9945,0.997,0.9045,0.002,0.9255,1,0.003,0.9135,0.9895,1,1,0.8305,1,1,1,0.9975,0.281,0.988
qNet-vmax-APD50-max_dv-camax-carest-CaTD90,0.8125,0.625,0.75,0.945454545,0.714285714,0.833333333,0.6,0.571428571,0.75,0.909090909,0.666666667,0.75,8.799914201,1.714283571,2.999992,0.440000616,0.642857679,0.333334222,0.666666667,0.571428571,0.6,0.258367824,0.924170616,0.777777778,-26.57490163,8.377463196,-45.69572791,-8.451461515,-130.4540586,12.40007602,67.43090647,10.81727965,108.6896999,64.09733802,41.22437831,286.8620938,-0.298881594,0.000245491,7.48E-05,747.0841354,12.52235177,0.812209574,53.76993945,0.064078571,1.78E-05,9.00E-07,29.43244193,1,0.9995,0.3145,1,1,0.9995,0.993,1,0.96,0.9895,0.999,0.9975,0.934,0.003,0.945,0.9995,0.028,1,0.997,0.9995,0.9395,0.8255,1,1,0.9975,1,0.0025,0.993
qNet-vmax-APD50-max_dv-camax-CaTD50-CaTD90,0.8125,0.625,0.75,0.945454545,0.698412698,0.833333333,0.6,0.571428571,0.75,0.909090909,0.666666667,0.75,8.799914201,1.714283571,2.999992,0.440000616,0.642857679,0.333334222,0.666666667,0.571428571,0.6,0.264217344,0.91943128,0.777777778,-31.48505998,3.842759911,-46.34298045,-1.589730445,-102.4992439,22.00207696,58.87294925,-15.52184072,98.06370599,64.09733802,41.22437831,286.8620938,-0.298881594,0.000245491,314.3122396,747.0841354,12.52235177,0.812209574,53.76993945,0.064078571,1.78E-05,14.34918714,29.43244193,1,0.9985,0.278,1,1,1,0.9925,1,0.9475,0.9905,0.999,0.997,0.94,0.003,0.9395,1,0.0265,1,0.9975,0.999,0.891,0.8315,1,1,0.999,1,0.002,0.993
qNet-vmax-APD50-max_dv-carest-CaTD50-CaTD90,0.875,0.6875,0.75,0.945454545,0.714285714,0.84375,0.6,0.571428571,0.75,0.909090909,0.666666667,0.75,8.799914201,2.142853714,2.999992,0.4000006,0.642857545,0.333334222,0.75,0.571428571,0.6,0.255911967,0.924170616,0.777777778,-24.77529872,8.431712201,-41.25469971,-8.839971376,-37.69293457,1.165975095,25.85583163,-23.46496382,68.72832666,64.09733802,41.22437831,286.8620938,-0.298881594,7.48E-05,314.3122396,747.0841354,12.52235177,0.812209574,53.76993945,0.064078571,9.00E-07,14.34918714,29.43244193,1,0.997,0.3045,1,1,1,0.992,1,0.953,0.9925,0.9965,0.998,0.934,0.0035,0.94,1,0.021,1,0.995,1,0.9985,0.8225,1,1,0.9995,1,0.0095,0.992
qNet-vmax-APD90-camax-carest-CaTD50-CaTD90,0.8125,0.625,0.75,0.927272727,0.682539683,0.833333333,0.6,0.571428571,0.75,0.909090909,0.666666667,0.75,8.799914201,1.714283571,2.999992,0.440000616,0.642857679,0.333334222,0.666666667,0.571428571,0.6,0.251921191,0.924170616,0.777777778,-45.05546393,-12.91244096,-35.12537242,10.18332214,55.85643756,-5.836433993,-3.449146541,-56.70744833,58.55225673,64.09733802,41.22437831,363.9871979,0.000245491,7.48E-05,314.3122396,747.0841354,12.52235177,0.812209574,83.19192952,1.78E-05,9.00E-07,14.34918714,29.43244193,1,0.9965,0.4455,1,1,1,0.992,0.9975,0.941,0.992,0.999,0.997,0.9355,5.00E-04,0.9465,0.999,0.0185,0.992,0.997,0.9995,0.9825,0.84,1,0.946,1,1,0.007,0.9905
qNet-vmax-max_dv-camax-carest-CaTD50-CaTD90,0.875,0.625,0.75,0.945454545,0.698412698,0.833333333,0.6,0.571428571,0.75,0.909090909,0.666666667,0.75,8.799914201,1.92856725,2.999992,0.4000006,0.642857679,0.333334222,0.75,0.571428571,0.6,0.257044013,0.924170616,0.777777778,-33.86216225,-0.699865851,-38.56801262,-3.848553094,-0.736911787,-6.124492818,18.16545007,-39.59439138,69.30983303,64.09733802,41.22437831,-0.298881594,0.000245491,7.48E-05,314.3122396,747.0841354,12.52235177,0.812209574,0.064078571,1.78E-05,9.00E-07,14.34918714,29.43244193,1,0.997,0.332,1,1,1,0.9865,0.9985,0.917,0.991,0.995,0.997,0.935,0.002,0.9345,1,0.012,1,0.9925,1,0.9975,0.8335,1,1,0.9995,1,0.0075,0.991
qNet-vmax-vrest-APD50-APD90-camax-CaTD50,0.8125,0.625,0.75,0.927272727,0.682539683,0.854166667,0.6,0.571428571,0.75,0.909090909,0.666666667,0.75,6.599938401,1.714283571,2.999992,0.440000616,0.642857679,0.333334222,0.666666667,0.571428571,0.6,0.238078941,0.928909953,0.777777778,-25.06317438,4.884437737,-61.43761004,9.93340391,-24.73567305,-136.7627483,152.4048099,-3.922040276,-22.34775427,64.09733802,41.22437831,-88.02084897,286.8620938,363.9871979,0.000245491,314.3122396,12.52235177,0.812209574,0.009432504,53.76993945,83.19192952,1.78E-05,14.34918714,1,0.997,0.4895,1,1,0.9995,0.995,0.9975,0.954,0.9895,1,0.9975,0.91,0.0015,0.9655,0.997,0.0265,0.899,0.998,0.9995,1,0.765,1,0.9305,1,0.9995,0.3325,0.99
qNet-vmax-vrest-APD50-APD90-carest-CaTD90,0.8125,0.625,0.75,0.945454545,0.73015873,0.895833333,0.6,0.428571429,0.75,0.818181818,0.666666667,0.75,5.49997525,2.142853714,2.999992,0.4000006,0.642857679,0.333334222,0.727272727,0.545454545,0.6,0.220919073,0.928909953,0.777777778,-12.90330449,14.14562185,-10.96928348,-0.622115431,16.34546854,16.91194564,5.941035038,-0.138800503,2.768165481,64.09733802,41.22437831,-88.02084897,286.8620938,363.9871979,7.48E-05,747.0841354,12.52235177,0.812209574,0.009432504,53.76993945,83.19192952,9.00E-07,29.43244193,1,0.9995,0.523,1,1,0.996,0.996,1,0.977,0.9825,1,0.9965,0.8575,0.0015,0.9475,0.9975,0.0405,0.7335,0.999,1,1,0.785,1,1,1,0.995,0.676,0.9815
qNet-vmax-vrest-APD50-APD90-CaTD50-CaTD90,0.8125,0.625,0.75,0.927272727,0.682539683,0.854166667,0.6,0.571428571,0.75,0.909090909,0.666666667,0.75,8.799914201,1.714283571,2.999992,0.440000616,0.642857679,0.333334222,0.666666667,0.571428571,0.6,0.255130535,0.924170616,0.777777778,-31.25946226,0.285251295,-62.82434687,13.90931468,-23.51281189,-142.5526857,156.4325417,-33.46753911,24.66350308,64.09733802,41.22437831,-88.02084897,286.8620938,363.9871979,314.3122396,747.0841354,12.52235177,0.812209574,0.009432504,53.76993945,83.19192952,14.34918714,29.43244193,1,0.997,0.3975,1,1,1,0.995,0.9975,0.948,0.991,1,0.9975,0.9365,0.0015,0.966,0.997,0.025,0.9935,0.998,0.9995,0.972,0.843,1,0.901,1,1,0.0205,0.992
qNet-vmax-vrest-APD50-APD90-max_dv-CaTD50,0.8125,0.5625,0.6875,0.909090909,0.714285714,0.875,0.6,0.142857143,1,0.818181818,0.777777778,0.583333333,4.3999813,1.285711714,2.39999664,0.440000616,0.964285754,1.71E-06,0.666666667,0.222222222,0.615384615,0.296284358,0.928909953,0.805555556,-33.22624835,15.82359854,10.80043631,-21.79778568,118.8267762,-63.33036942,206.0091039,-15.6534538,20.86779825,64.09733802,41.22437831,-88.02084897,286.8620938,363.9871979,-0.298881594,314.3122396,12.52235177,0.812209574,0.009432504,53.76993945,83.19192952,0.064078571,14.34918714,1,0.9995,0.989,1,1,0.9985,1,1,0.8015,0.9485,0.388,0.45,0.755,0,0.4035,0.097,0.002,0.4825,0.94,1,1,0.585,1,1,1,0.465,0.8875,0.9955
qNet-vmax-vrest-max_dv-camax-carest-CaTD50,0.8125,0.625,0.75,0.927272727,0.682539683,0.854166667,0.6,0.428571429,0.75,0.909090909,0.666666667,0.75,6.599938401,1.714283571,2.999992,0.4000006,0.642857679,0.333334222,0.727272727,0.545454545,0.6,0.248457466,0.924170616,0.777777778,-17.01649533,12.28805468,-29.61625988,2.756113878,9.530665796,11.24745448,27.38794637,-22.99998966,-3.095040429,64.09733802,41.22437831,-88.02084897,-0.298881594,0.000245491,7.48E-05,314.3122396,12.52235177,0.812209574,0.009432504,0.064078571,1.78E-05,9.00E-07,14.34918714,1,0.9985,0.328,1,1,0.997,0.99,1,0.9235,0.986,0.9975,0.996,0.9015,0.003,0.9345,1,0.016,0.926,0.9975,0.9995,0.997,0.827,1,0.9985,1,0.994,0.251,0.984
qNet-vrest-APD50-APD90-carest-CaTD50-CaTD90,0.875,0.6875,0.75,0.945454545,0.714285714,0.854166667,0.6,0.571428571,0.75,0.909090909,0.666666667,0.75,8.799914201,2.142853714,2.999992,0.4000006,0.551020985,0.333334222,0.75,0.615384615,0.6,0.250029339,0.928909953,0.777777778,-25.40225847,6.552879549,-42.48661608,-1.495476053,-60.51860976,55.42798161,10.43399919,-24.60347084,44.11930723,64.09733802,-88.02084897,286.8620938,363.9871979,7.48E-05,314.3122396,747.0841354,12.52235177,0.009432504,53.76993945,83.19192952,9.00E-07,14.34918714,29.43244193,1,0.997,0.357,1,1,1,0.9955,1,0.9615,0.992,1,0.998,0.9355,0.003,0.956,0.9995,0.03,1,0.9985,0.9995,0.9985,0.8315,1,1,1,1,0.0055,0.991
