Feature_Pair,Accuracy_Class_1,Accuracy_Class_2,Accuracy_Class_3,AUC_Class_1,AUC_Class_2,AUC_Class_3,Sensitivity_class_1,Sensitivity_class_2,Sensitivity_class_3,Specificity_class_1,Specificity_class_2,Specificity_class_3,LR_positive_class_1,LR_positive_class_2,LR_positive_class_3,LR_negative_class_1,LR_negative_class_2,LR_negative_class_3,F1score_class_1,F1score_class_2,F1score_class_3,Classification_error,Pairwise_classification_accuracy,Rank_score,Alpha_1,Alpha_2,Beta_1,Beta_2,Beta_3,Beta_4,Beta_5,Beta_6,Beta_7,Beta_8,Mean_1,Mean_2,Mean_3,Mean_4,Mean_5,Mean_6,Mean_7,Mean_8,SD_1,SD_2,SD_3,SD_4,SD_5,SD_6,SD_7,SD_8,azimilide,bepridil,disopyramide,dofetilide,ibutilide,quinidine,sotalol,vandetanib,astemizole,chlorpromazine,cisapride,clarithromycin,clozapine,domperidone,droperidol,ondansetron,pimozide,risperidone,terfenadine,diltiazem,loratadine,metoprolol,mexiletine,nifedipine,nitrendipine,ranolazine,tamoxifen,verapamil
qNet-dvdtmax-vmax-vrest-APD50-APD90-camax-carest,0.8125,0.6875,0.8125,0.854545455,0.80952381,0.9375,0.6,0.571428571,1,0.909090909,0.777777778,0.75,6.599938401,2.5714215,3.999988,0.440000616,0.551020985,1.33E-06,0.666666667,0.615384615,0.727272727,0.21349729,0.924170616,0.8,-9.33077426,29.61208025,-42.48518853,-8.800920376,2.494338125,46.66596655,-13.29623663,31.32419835,-10.74565816,-18.04442824,63.95253604,72.03390709,40.81753408,-88.03022061,287.2062878,364.2659437,0.000222565,7.28E-05,15.85634121,2.416227739,1.184759215,0.020798121,64.31807536,92.85975461,3.76E-05,3.84E-06,1,1,0.984,0.9955,1,1,0.9955,1,0.949,0.999,1,0.968,0.9965,0.9565,0.8065,0.999,0.1395,0.812,0.9965,1,0.997,0,1,1,1,0.9985,0.3775,1
qNet-dvdtmax-vmax-vrest-APD50-APD90-camax-CaTD50,0.8125,0.6875,0.8125,0.854545455,0.80952381,0.9375,0.6,0.571428571,0.75,0.818181818,0.777777778,0.75,4.3999813,2.5714215,3.999988,0.440000616,0.551020985,0.272728066,0.666666667,0.615384615,0.727272727,0.201814613,0.924170616,0.7,-18.21416866,21.26575612,-36.1112145,-14.3238212,5.314151604,55.81762807,43.52847661,24.97646661,-64.95576402,-28.30655017,63.95253604,72.03390709,40.81753408,-88.03022061,287.2062878,364.2659437,0.000222565,327.3555683,15.85634121,2.416227739,1.184759215,0.020798121,64.31807536,92.85975461,3.76E-05,22.17761135,1,1,0.972,0.9955,1,1,0.996,1,0.955,0.9985,1,0.9625,0.9895,0.9185,0.815,0.999,0.147,0.7245,0.9955,1,1,0,1,1,1,0.9985,0.602,1
qNet-dvdtmax-vmax-vrest-APD50-APD90-carest-CaTD90,0.8125,0.6875,0.8125,0.854545455,0.793650794,0.9375,0.6,0.571428571,1,0.909090909,0.777777778,0.75,6.599938401,2.5714215,3.999988,0.440000616,0.551020985,1.33E-06,0.666666667,0.615384615,0.727272727,0.207172748,0.928909953,0.8,-9.8999376,28.37538763,-46.87879426,-0.541927262,0.911625677,40.09953398,-31.95111734,42.36575005,-24.69658168,3.197787964,63.95253604,72.03390709,40.81753408,-88.03022061,287.2062878,364.2659437,7.28E-05,768.6720229,15.85634121,2.416227739,1.184759215,0.020798121,64.31807536,92.85975461,3.84E-06,46.44521373,1,1,0.987,0.9955,1,1,0.996,1,0.949,0.999,1,0.976,0.9965,0.852,0.809,0.999,0.1375,0.814,0.997,1,0.997,0,1,1,1,0.9985,0.381,1
qNet-dvdtmax-vmax-vrest-APD50-camax-carest-CaTD50,0.8125,0.6875,0.8125,0.854545455,0.80952381,0.9375,0.6,0.571428571,0.75,0.909090909,0.777777778,0.833333333,6.599938401,2.5714215,4.499979,0.440000616,0.551020985,0.272728066,0.666666667,0.615384615,0.727272727,0.193690547,0.928909953,0.733333333,-16.71667095,23.04553824,-28.96136151,-3.904496537,2.46641092,71.4160801,73.28430788,-47.23026189,-30.40017449,-24.94429207,63.95253604,72.03390709,40.81753408,-88.03022061,287.2062878,0.000222565,7.28E-05,327.3555683,15.85634121,2.416227739,1.184759215,0.020798121,64.31807536,3.76E-05,3.84E-06,22.17761135,1,1,0.9655,0.9955,1,1,0.9955,1,0.951,0.999,1,0.971,0.9955,0.997,0.801,0.9995,0.154,0.7975,0.997,1,0.997,0,1,1,1,0.9985,0.429,1
qNet-dvdtmax-vmax-vrest-APD50-camax-carest-CaTD90,0.8125,0.6875,0.75,0.872727273,0.777777778,0.927083333,0.6,0.428571429,1,0.909090909,0.777777778,0.666666667,6.599938401,2.142853714,2.999994,0.440000616,0.642857545,1.50E-06,0.666666667,0.545454545,0.666666667,0.262530542,0.924170616,0.8,-11.00772871,28.09013393,-32.40777394,-7.329956348,-1.234654219,64.43445467,-7.612963301,34.56325659,-25.62394354,57.51437498,63.95253604,72.03390709,40.81753408,-88.03022061,287.2062878,0.000222565,7.28E-05,768.6720229,15.85634121,2.416227739,1.184759215,0.020798121,64.31807536,3.76E-05,3.84E-06,46.44521373,1,1,0.9955,0.9955,1,1,0.995,1,0.952,0.999,1,0.9845,0.997,0.1455,0.799,0.999,0.117,0.8505,0.9965,1,0.99,0,1,1,1,0.999,0.2875,1
qNet-dvdtmax-vmax-vrest-APD50-camax-CaTD50-CaTD90,0.8125,0.6875,0.8125,0.854545455,0.793650794,0.9375,0.6,0.571428571,0.75,0.909090909,0.666666667,0.833333333,6.599938401,2.5714215,4.499979,0.440000616,0.551020985,0.272728066,0.666666667,0.615384615,0.727272727,0.19277232,0.928909953,0.733333333,-31.53957968,8.679930329,-27.74601932,-6.905668804,5.929814187,72.29026095,83.22408827,-56.5127607,-67.71152327,76.63114011,63.95253604,72.03390709,40.81753408,-88.03022061,287.2062878,0.000222565,327.3555683,768.6720229,15.85634121,2.416227739,1.184759215,0.020798121,64.31807536,3.76E-05,22.17761135,46.44521373,1,1,0.9355,0.996,1,1,0.995,1,0.9515,0.999,0.999,0.9685,0.9935,0.979,0.7985,0.9995,0.1805,0.829,0.998,1,0.9965,0,1,1,1,0.999,0.3965,1
qNet-dvdtmax-vmax-vrest-APD50-carest-CaTD50-CaTD90,0.8125,0.625,0.75,0.872727273,0.76984127,0.916666667,0.6,0.428571429,1,0.818181818,0.777777778,0.666666667,4.3999813,1.92856725,2.999994,0.440000616,0.734694219,1.50E-06,0.666666667,0.5,0.666666667,0.235897509,0.924170616,0.766666667,16.00867155,117.6189628,-124.996671,-61.00715291,17.53298373,81.98969172,-71.38690851,97.96384381,68.33532098,16.31575667,63.95253604,72.03390709,40.81753408,-88.03022061,287.2062878,7.28E-05,327.3555683,768.6720229,15.85634121,2.416227739,1.184759215,0.020798121,64.31807536,3.84E-06,22.17761135,46.44521373,1,1,0.992,0.998,1,1,0.999,1,0.7825,0.9965,0.934,0.8935,0.977,0.772,0.5795,0.998,0.078,0.6605,0.907,1,1,0,0.998987342,1,1,1,0.679,1
qNet-dvdtmax-vmax-vrest-APD90-camax-carest-CaTD50,0.8125,0.75,0.8125,0.836363636,0.825396825,0.9375,0.6,0.571428571,0.75,0.909090909,0.777777778,0.75,6.599938401,3.21427575,3.999988,0.440000616,0.48214344,0.272728066,0.666666667,0.666666667,0.727272727,0.219893379,0.91943128,0.733333333,-20.55422571,19.13070646,-45.19290107,-14.3115288,8.32063277,44.13056642,50.08219552,-40.31463428,-18.30750964,-22.48979652,63.95253604,72.03390709,40.81753408,-88.03022061,364.2659437,0.000222565,7.28E-05,327.3555683,15.85634121,2.416227739,1.184759215,0.020798121,92.85975461,3.76E-05,3.84E-06,22.17761135,1,1,0.9695,0.9955,1,1,0.9965,1,0.9515,0.999,1,0.9665,0.9935,0.9985,0.811,0.999,0.1555,0.781,0.997,1,1,0,1,1,1,0.999,0.4855,1
qNet-dvdtmax-vmax-vrest-APD90-camax-CaTD50-CaTD90,0.8125,0.6875,0.8125,0.836363636,0.825396825,0.9375,0.6,0.571428571,0.75,0.909090909,0.777777778,0.75,6.599938401,2.571423857,3.999988,0.440000616,0.48214344,0.30000084,0.666666667,0.666666667,0.666666667,0.219626674,0.91943128,0.733333333,-30.64298622,8.871220629,-44.35635573,-15.417311,10.60950475,43.75538909,48.38917038,-35.60256381,-51.45417441,61.80000268,63.95253604,72.03390709,40.81753408,-88.03022061,364.2659437,0.000222565,327.3555683,768.6720229,15.85634121,2.416227739,1.184759215,0.020798121,92.85975461,3.76E-05,22.17761135,46.44521373,1,1,0.941,0.996,1,1,0.996,1,0.95,0.999,0.999,0.966,0.995,0.997,0.8085,0.999,0.1795,0.847,0.998,1,0.997,0,1,1,1,0.9985,0.33,1
qNet-dvdtmax-vmax-vrest-max_dv-camax-carest-CaTD50,0.8125,0.6875,0.8125,0.854545455,0.80952381,0.9375,0.6,0.571428571,1,0.909090909,0.777777778,0.75,6.599938401,2.5714215,3.999988,0.440000616,0.551020985,1.33E-06,0.666666667,0.615384615,0.727272727,0.2042994,0.924170616,0.8,-7.923238787,32.83170246,-44.56263593,-0.148782279,-2.81936688,52.02623906,11.16320481,-2.179441581,-28.11192411,1.778737036,63.95253604,72.03390709,40.81753408,-88.03022061,-0.292902106,0.000222565,7.28E-05,327.3555683,15.85634121,2.416227739,1.184759215,0.020798121,0.063732419,3.76E-05,3.84E-06,22.17761135,1,1,0.986,0.9955,1,1,0.9955,1,0.9475,0.999,0.9995,0.9835,0.9935,0.883,0.7895,0.999,0.1335,0.741,0.9965,1,1,0,1,1,1,0.999,0.5465,1
qNet-dvdtmax-vmax-vrest-max_dv-carest-CaTD50-CaTD90,0.8125,0.6875,0.8125,0.890909091,0.793650794,0.9375,0.6,0.571428571,1,0.909090909,0.777777778,0.75,6.599938401,2.5714215,3.999988,0.440000616,0.551020985,1.33E-06,0.666666667,0.615384615,0.727272727,0.191354388,0.938388626,0.8,-22.41935487,17.34816591,-41.08844088,1.812701994,-1.683073623,53.50593435,9.676202168,10.84199576,-44.02272059,101.723097,63.95253604,72.03390709,40.81753408,-88.03022061,-0.292902106,7.28E-05,327.3555683,768.6720229,15.85634121,2.416227739,1.184759215,0.020798121,0.063732419,3.84E-06,22.17761135,46.44521373,1,1,0.985,0.9955,1,1,0.9955,1,0.9535,0.999,0.999,0.9865,0.9935,0.885,0.7915,0.999,0.1415,0.7785,0.998,1,0.9995,0,1,1,1,0.999,0.5,1
qNet-dvdtmax-vmax-vrest-camax-carest-CaTD50-CaTD90,0.8125,0.6875,0.8125,0.927272727,0.777777778,0.9375,0.6,0.571428571,1,0.909090909,0.777777778,0.75,6.599938401,2.5714215,3.999988,0.440000616,0.642857545,1.33E-06,0.666666667,0.571428571,0.727272727,0.208075258,0.957345972,0.833333333,-20.14297149,18.73716578,-40.31878831,24.48906395,-12.82935095,56.57306628,18.55062549,18.12211953,-51.56142689,137.2179375,63.97825074,72.02405995,40.79794507,-88.03028897,0.000222524,7.28E-05,327.3362708,768.6722188,15.86819615,2.434174718,1.331177912,0.020895704,3.76E-05,3.85E-06,22.17423484,46.4212134,1,1,0.985,0.996,1,1,0.9955,1,0.9525,0.999,0.999,0.9855,0.9975,0.477,0.797,0.999,0.1375,0.8635,0.998,1,0.99,0.2895,1,1,1,0.999,0.2665,1
qNet-dvdtmax-vmax-APD50-APD90-camax-carest-CaTD50,0.8125,0.6875,0.8125,0.927272727,0.825396825,0.927083333,0.6,0.428571429,0.75,0.818181818,0.777777778,0.833333333,4.3999813,2.999994,4.499979,0.4000006,0.571429,0.30000084,0.666666667,0.6,0.666666667,0.148384,0.962085308,0.733333333,-45.08141597,31.15896195,-83.80166763,-28.9551518,68.84537534,28.49657952,87.48117299,-117.7268299,28.94022068,-59.13582998,63.95253604,72.03390709,40.81753408,287.2062878,364.2659437,0.000222565,7.28E-05,327.3555683,15.85634121,2.416227739,1.184759215,64.31807536,92.85975461,3.76E-05,3.84E-06,22.17761135,0.9995,1,0.8645,0.998,1,0.9995,0.9495,1,0.8935,0.999,0.998,0.8815,0.9015,0.9965,0.798,1,0.126,0.68,0.9515,1,1,0.7735,1,1,1,0.995,0.773,1
qNet-dvdtmax-vmax-APD50-APD90-camax-carest-CaTD90,0.8125,0.6875,0.75,0.854545455,0.793650794,0.9375,0.6,0.571428571,1,0.909090909,0.777777778,0.666666667,6.599938401,2.5714215,2.999994,0.440000616,0.551020985,1.50E-06,0.666666667,0.615384615,0.666666667,0.248628289,0.924170616,0.8,-12.61390431,26.0100767,-74.29700969,-0.508144452,-0.456879461,-160.2199235,103.4012169,39.12306882,10.82133005,51.19641421,63.95253604,72.03390709,40.81753408,287.2062878,364.2659437,0.000222565,7.28E-05,768.6720229,15.85634121,2.416227739,1.184759215,64.31807536,92.85975461,3.76E-05,3.84E-06,46.44521373,1,1,0.9935,0.996,1,1,0.9955,1,0.949,0.999,1,0.9865,0.9985,0.476,0.825,0.999,0.13,0.852,0.9975,1,0.9785,0,1,1,1,0.999,0.255,1
qNet-dvdtmax-vmax-APD50-APD90-camax-CaTD50-CaTD90,0.8125,0.75,0.8125,0.836363636,0.841269841,0.927083333,0.6,0.571428571,0.75,0.909090909,0.777777778,0.75,6.599938401,2.571423857,3.999988,0.440000616,0.48214344,0.30000084,0.666666667,0.666666667,0.666666667,0.239064113,0.91943128,0.733333333,-22.79218873,15.92748389,-72.53719058,-9.665949382,10.03072701,-124.4353031,115.0409722,-0.511470675,-22.38334325,32.27716544,63.95253604,72.03390709,40.81753408,287.2062878,364.2659437,0.000222565,327.3555683,768.6720229,15.85634121,2.416227739,1.184759215,64.31807536,92.85975461,3.76E-05,22.17761135,46.44521373,1,1,0.9435,0.996,1,1,0.9955,1,0.945,0.9985,0.9985,0.963,0.9965,0.9985,0.823,0.999,0.1795,0.8545,0.998,1,0.9775,0,1,1,1,0.9985,0.2565,1
qNet-dvdtmax-vmax-APD50-APD90-carest-CaTD50-CaTD90,0.8125,0.6875,0.8125,0.854545455,0.793650794,0.9375,0.6,0.571428571,0.75,0.909090909,0.666666667,0.833333333,6.599938401,2.5714215,4.499979,0.440000616,0.551020985,0.272728066,0.666666667,0.615384615,0.727272727,0.197638351,0.933649289,0.733333333,-31.10469157,7.418994869,-72.95902484,3.277997683,2.915310351,-120.4193354,104.0425651,41.03192572,-58.10994467,114.362963,63.95253604,72.03390709,40.81753408,287.2062878,364.2659437,7.28E-05,327.3555683,768.6720229,15.85634121,2.416227739,1.184759215,64.31807536,92.85975461,3.84E-06,22.17761135,46.44521373,1,1,0.9505,0.996,1,1,0.9955,1,0.95,0.9985,0.998,0.977,0.9985,0.998,0.826,0.999,0.1715,0.863,0.998,1,0.98,0,1,1,1,0.999,0.264,1
qNet-dvdtmax-vmax-APD50-max_dv-camax-carest-CaTD50,0.8125,0.6875,0.75,0.836363636,0.841269841,0.90625,0.6,0.428571429,0.75,0.818181818,0.777777778,0.666666667,4.3999813,3.21427575,2.999992,0.440000616,0.642857545,0.30000084,0.666666667,0.545454545,0.615384615,0.264853633,0.90521327,0.7,-11.46581864,29.52125692,-70.22417552,-4.275773846,-5.201459522,-62.23000346,26.54918545,12.14907404,5.950778504,7.404205591,63.95253604,72.03390709,40.81753408,287.2062878,-0.292902106,0.000222565,7.28E-05,327.3555683,15.85634121,2.416227739,1.184759215,64.31807536,0.063732419,3.76E-05,3.84E-06,22.17761135,1,1,0.953,0.9975,0.998,0.9995,0.9815,1,0.9205,0.996,0.997,0.9715,0.9705,0.6375,0.7855,1,0.0955,0.522,0.9895,1,1,0,0.999493671,1,1,0.994,0.851,1
qNet-dvdtmax-vmax-APD50-max_dv-camax-carest-CaTD90,0.8125,0.625,0.75,0.872727273,0.777777778,0.916666667,0.6,0.428571429,1,0.909090909,0.777777778,0.666666667,6.599938401,2.142853714,2.999994,0.440000616,0.734694219,1.50E-06,0.666666667,0.5,0.666666667,0.249040625,0.924170616,0.8,-6.525289852,34.87215251,-77.89340542,5.239504564,-11.32321253,-154.4993415,36.74366907,75.49213059,41.97949449,108.1167851,63.95253604,72.03390709,40.81753408,287.2062878,-0.292902106,0.000222565,7.28E-05,768.6720229,15.85634121,2.416227739,1.184759215,64.31807536,0.063732419,3.76E-05,3.84E-06,46.44521373,1,1,0.985,0.995,1,1,0.9935,1,0.9445,0.9985,0.9975,0.996,0.984,0.1395,0.7665,0.999,0.107,0.6255,0.996,1,1,0,1,1,1,0.9985,0.696,1
qNet-dvdtmax-vmax-APD50-camax-carest-CaTD50-CaTD90,0.8125,0.6875,0.8125,0.945454545,0.80952381,0.927083333,0.6,0.571428571,0.75,0.909090909,0.666666667,0.75,6.599938401,2.5714215,3.999988,0.440000616,0.642857545,0.30000084,0.666666667,0.571428571,0.666666667,0.187147909,0.966824645,0.766666667,-13.85998019,22.42619019,-68.70661231,57.85288567,-33.38561786,-98.29567401,55.67248236,137.5332858,-78.0509439,261.3335173,63.95253604,72.03390709,40.81753408,287.2062878,0.000222565,7.28E-05,327.3555683,768.6720229,15.85634121,2.416227739,1.184759215,64.31807536,3.76E-05,3.84E-06,22.17761135,46.44521373,1,1,0.8635,0.9975,1,1,0.9815,1,0.9375,0.9985,0.9945,0.9665,0.999,0.5495,0.7815,1,0.1285,0.8915,0.9975,1,0.823,0.96,1,1,1,0.998,0.173,1
qNet-dvdtmax-vmax-APD90-max_dv-carest-CaTD50-CaTD90,0.8125,0.625,0.8125,0.890909091,0.761904762,0.90625,0.6,0.428571429,0.75,0.818181818,0.777777778,0.75,4.3999813,2.571414429,3.999988,0.440000616,0.734694219,0.30000084,0.666666667,0.5,0.666666667,0.218868557,0.933649289,0.7,-37.54340107,64.00192751,-115.2849988,-85.13380551,72.61529432,-241.15929,145.6979111,113.604318,-34.4339066,151.1812942,63.95253604,72.03390709,40.81753408,364.2659437,-0.292902106,7.28E-05,327.3555683,768.6720229,15.85634121,2.416227739,1.184759215,92.85975461,0.063732419,3.84E-06,22.17761135,46.44521373,0.9995,1,0.8525,0.9985,1,0.9995,0.9665,1,0.834,0.9975,0.9795,0.954,0.854,0.889,0.617,1,0.0855,0.4845,0.889,1,1,0.074,0.995443038,1,1,0.993,0.9395,1
qNet-dvdtmax-vmax-max_dv-camax-carest-CaTD50-CaTD90,0.75,0.625,0.8125,0.854545455,0.73015873,0.916666667,0.6,0.428571429,0.75,0.727272727,0.666666667,0.833333333,2.933326244,1.714283571,4.499979,0.488889514,0.734694219,0.30000084,0.6,0.5,0.666666667,0.246184054,0.924170616,0.7,-12.5042717,30.77334508,-69.74144824,9.207030984,-10.35277869,11.813056,-63.00437856,86.07567645,-40.5929606,36.03957778,63.95253604,72.03390709,40.81753408,-0.292902106,0.000222565,7.28E-05,327.3555683,768.6720229,15.85634121,2.416227739,1.184759215,0.063732419,3.76E-05,3.84E-06,22.17761135,46.44521373,0.999,1,0.6725,0.998,1,0.9995,0.9775,1,0.9055,0.9965,0.9945,0.894,0.974,0.4465,0.7695,1,0.136,0.593,0.989,1,1,0,1,1,1,0.9965,0.758,1
qNet-dvdtmax-vrest-APD50-APD90-camax-carest-CaTD50,0.8125,0.6875,0.8125,0.854545455,0.825396825,0.9375,0.6,0.571428571,1,0.909090909,0.777777778,0.75,6.599938401,2.571423857,3.999988,0.440000616,0.551020985,1.33E-06,0.666666667,0.615384615,0.727272727,0.204288788,0.924170616,0.8,-13.35298141,26.07945764,-62.56257561,0.571193481,20.93206171,-73.36775419,77.5988349,-9.863059865,-9.614547837,-5.796630963,63.95253604,72.03390709,-88.03022061,287.2062878,364.2659437,0.000222565,7.28E-05,327.3555683,15.85634121,2.416227739,0.020798121,64.31807536,92.85975461,3.76E-05,3.84E-06,22.17761135,1,1,0.9855,0.996,1,1,0.996,1,0.9485,0.9985,1,0.9765,0.9965,0.9725,0.825,0.999,0.1395,0.78,0.997,1,1,0,1,1,1,0.9985,0.476,1
qNet-dvdtmax-vrest-APD50-APD90-camax-carest-CaTD90,0.8125,0.6875,0.8125,0.854545455,0.793650794,0.9375,0.6,0.571428571,1,0.909090909,0.777777778,0.75,6.599938401,2.5714215,3.999988,0.440000616,0.551020985,1.33E-06,0.666666667,0.615384615,0.727272727,0.215925697,0.928909953,0.8,-10.31145625,29.43850623,-43.95185947,-1.965322398,49.24958492,-16.215841,30.57263941,0.220413425,-27.99141888,6.438138676,63.95253604,72.03390709,-88.03022061,287.2062878,364.2659437,0.000222565,7.28E-05,768.6720229,15.85634121,2.416227739,0.020798121,64.31807536,92.85975461,3.76E-05,3.84E-06,46.44521373,1,1,0.9905,0.9955,1,1,0.9955,1,0.9505,0.999,1,0.981,0.9975,0.778,0.808,0.999,0.134,0.831,0.9965,1,0.997,0,1,1,1,0.9985,0.333,1
qNet-dvdtmax-vrest-APD50-APD90-camax-CaTD50-CaTD90,0.8125,0.6875,0.8125,0.872727273,0.793650794,0.9375,0.6,0.571428571,0.75,0.909090909,0.666666667,0.833333333,6.599938401,2.5714215,4.499979,0.440000616,0.551020985,0.272728066,0.666666667,0.615384615,0.727272727,0.191982254,0.938388626,0.733333333,-25.73556274,14.33384742,-37.72586397,7.772478999,59.68920297,57.4673889,11.77405393,-49.94042877,-59.34009167,60.54204941,63.95253604,72.03390709,-88.03022061,287.2062878,364.2659437,0.000222565,327.3555683,768.6720229,15.85634121,2.416227739,0.020798121,64.31807536,92.85975461,3.76E-05,22.17761135,46.44521373,1,1,0.9155,0.996,1,1,0.995,1,0.9485,0.999,0.999,0.965,0.994,0.9855,0.801,0.9995,0.185,0.822,0.998,1,0.997,5.00E-04,1,1,1,0.999,0.389,1
qNet-dvdtmax-vrest-APD50-camax-carest-CaTD50-CaTD90,0.8125,0.6875,0.875,0.890909091,0.793650794,0.947916667,0.6,0.571428571,0.75,0.909090909,0.666666667,0.833333333,6.599938401,2.5714215,5.99997,0.440000616,0.551020985,0.272728066,0.666666667,0.615384615,0.75,0.187969489,0.947867299,0.766666667,-35.54593716,4.216796359,-32.17158246,4.631362284,65.8142804,58.01223999,-36.01133971,26.22005754,-85.47099213,140.6825254,63.95253604,72.03390709,-88.03022061,287.2062878,0.000222565,7.28E-05,327.3555683,768.6720229,15.85634121,2.416227739,0.020798121,64.31807536,3.76E-05,3.84E-06,22.17761135,46.44521373,1,1,0.9535,0.996,1,1,0.9955,1,0.954,0.999,0.999,0.977,0.995,0.9985,0.8005,0.9995,0.168,0.8405,0.998,1,0.9905,0.0315,1,1,1,0.999,0.3525,1
qNet-dvdtmax-vrest-APD90-max_dv-camax-carest-CaTD50,0.875,0.75,0.8125,0.981818182,0.888888889,0.958333333,1,0.428571429,1,0.818181818,1,0.75,5.49997525,428571.4951,3.999988,1.22E-06,0.571429,1.33E-06,0.833333333,0.6,0.727272727,0.197670853,0.943127962,0.9,-34.53986359,7.39548471,7.955903764,-9.854712495,44.34849556,130.7863676,17.08538695,-202.6273385,169.229085,-36.80066022,63.95253604,72.03390709,-88.03022061,364.2659437,-0.292902106,0.000222565,7.28E-05,327.3555683,15.85634121,2.416227739,0.020798121,92.85975461,0.063732419,3.76E-05,3.84E-06,22.17761135,1,1,1,0.9395,1,1,0.9925,1,0.9535,0.972,0.9995,0.9955,0.706,0.1085,0.965,0.611,0.0285,0.153,0.9455,1,1,0.9965,0.97721519,1,1,0.001,1,0.983
qNet-dvdtmax-vrest-APD90-max_dv-camax-carest-CaTD90,0.8125,0.625,0.75,0.909090909,0.746031746,0.916666667,0.6,0.428571429,1,0.909090909,0.777777778,0.666666667,6.599938401,1.92856725,2.999994,0.440000616,0.734694219,1.50E-06,0.666666667,0.5,0.666666667,0.270663631,0.938388626,0.833333333,-30.07568739,30.41077341,-55.36222899,7.486606227,150.4909172,102.0807649,-12.30451343,-20.09181786,-118.5272159,-0.301531076,63.95253604,72.03390709,-88.03022061,364.2659437,-0.292902106,0.000222565,7.28E-05,768.6720229,15.85634121,2.416227739,0.020798121,92.85975461,0.063732419,3.76E-05,3.84E-06,46.44521373,1,1,1,0.9965,1,1,1,1,0.8855,0.9995,0.9525,1,0.9995,0,0.576,0.73,0.049,0.8645,0.887,1,1,0.008,1,1,1,0.9995,0.366,0.818
qNet-dvdtmax-vrest-max_dv-camax-carest-CaTD50-CaTD90,0.8125,0.6875,0.8125,0.909090909,0.753968254,0.916666667,0.6,0.428571429,1,0.818181818,0.777777778,0.75,4.3999813,2.5714215,3.999988,0.4000006,0.644643256,1.33E-06,0.727272727,0.544318182,0.727272727,0.24736106,0.933649289,0.8,-34.79073346,102.1198968,-133.9916148,-5.899513403,97.36561564,43.37260061,-43.32911248,17.5702292,65.47791941,-52.59276898,63.95253604,72.03390709,-88.03022061,-0.292902106,0.000222565,7.28E-05,327.3555683,768.6720229,15.85634121,2.416227739,0.020798121,0.063732419,3.76E-05,3.84E-06,22.17761135,46.44521373,1,1,1,0.9985,1,1,0.984,1,0.95,0.99,1,0.986,0.9005,5.00E-04,0.8195,1,0.0485,0.39,0.9425,1,1,0.049,1,1,1,0.9755,0.9735,0.9905
qNet-dvdtmax-APD50-APD90-camax-carest-CaTD50-CaTD90,0.8125,0.6875,0.875,0.872727273,0.793650794,0.9375,0.6,0.571428571,0.75,0.909090909,0.666666667,0.833333333,6.599938401,2.5714215,5.99997,0.440000616,0.551020985,0.272728066,0.666666667,0.615384615,0.75,0.190401598,0.943127962,0.766666667,-31.30699761,7.764576715,-74.64426504,12.83516131,-104.2604426,102.7806822,-19.93409769,51.35026259,-69.05058324,113.3866476,63.95253604,72.03390709,287.2062878,364.2659437,0.000222565,7.28E-05,327.3555683,768.6720229,15.85634121,2.416227739,64.31807536,92.85975461,3.76E-05,3.84E-06,22.17761135,46.44521373,1,1,0.9305,0.996,1,1,0.9955,1,0.952,0.9985,0.998,0.973,0.9965,0.999,0.829,0.999,0.181,0.841,0.998,1,0.991,0.009,1,1,1,0.999,0.3235,1
qNet-dvdtmax-APD90-max_dv-camax-carest-CaTD50-CaTD90,0.75,0.625,0.8125,0.809090909,0.626984127,0.927083333,0.6,0.428571429,0.75,0.818181818,0.666666667,0.833333333,3.29998735,1.714283571,4.499979,0.488889514,0.734694219,0.272728066,0.6,0.5,0.727272727,0.287703881,0.909952607,0.7,-30.47351273,5.356204536,-61.98534425,52.52818137,319.264875,-126.0797452,-199.0339273,116.8473336,-121.0650602,32.92849989,63.95253604,72.03390709,364.2659437,-0.292902106,0.000222565,7.28E-05,327.3555683,768.6720229,15.85634121,2.416227739,92.85975461,0.063732419,3.76E-05,3.84E-06,22.17761135,46.44521373,0.9985,1,0.7805,0.9985,0.993996998,1,0.992,1,0.928,0.9985,0.9975,0.595,1,0,0.9305,0.999,0.273,1,0.9985,1,0,0.984,1,1,0.9995,0.9985,0,1
qNet-vmax-vrest-APD50-APD90-camax-carest-CaTD50,0.8125,0.6875,0.8125,0.854545455,0.80952381,0.9375,0.6,0.571428571,1,0.909090909,0.777777778,0.75,6.599938401,2.5714215,3.999988,0.440000616,0.551020985,1.33E-06,0.666666667,0.615384615,0.727272727,0.194718936,0.928909953,0.8,-14.70738794,24.99124248,-55.58752864,1.160442321,31.57044754,-41.46585232,63.68259226,-20.83699539,-13.27426677,-11.6435092,63.95253604,40.81753408,-88.03022061,287.2062878,364.2659437,0.000222565,7.28E-05,327.3555683,15.85634121,1.184759215,0.020798121,64.31807536,92.85975461,3.76E-05,3.84E-06,22.17761135,1,1,0.9835,0.996,1,1,0.9965,1,0.951,0.9985,1,0.972,0.9945,0.9865,0.819,0.999,0.1425,0.762,0.997,1,1,0,1,1,1,0.9985,0.5215,1
qNet-vmax-vrest-APD50-APD90-camax-CaTD50-CaTD90,0.8125,0.6875,0.8125,0.872727273,0.793650794,0.9375,0.6,0.571428571,0.75,0.909090909,0.666666667,0.833333333,6.599938401,2.5714215,4.499979,0.440000616,0.551020985,0.272728066,0.666666667,0.615384615,0.727272727,0.1907177,0.933649289,0.733333333,-27.1011643,13.14544286,-40.9438079,4.092876114,53.83291151,28.47517124,28.57682455,-40.11588666,-54.95608192,64.54514767,63.95253604,40.81753408,-88.03022061,287.2062878,364.2659437,0.000222565,327.3555683,768.6720229,15.85634121,1.184759215,0.020798121,64.31807536,92.85975461,3.76E-05,22.17761135,46.44521373,1,1,0.9395,0.996,1,1,0.996,1,0.9495,0.999,0.999,0.9685,0.9945,0.998,0.8035,0.999,0.1785,0.834,0.998,1,0.997,0,1,1,1,0.999,0.3765,1
qNet-vmax-vrest-APD50-APD90-carest-CaTD50-CaTD90,0.8125,0.6875,0.8125,0.872727273,0.793650794,0.9375,0.6,0.571428571,0.75,0.909090909,0.777777778,0.833333333,6.599938401,2.5714215,4.499979,0.440000616,0.551020985,0.25000075,0.666666667,0.615384615,0.727272727,0.196119753,0.933649289,0.733333333,-28.57871406,9.34843838,-48.24685252,1.779989628,35.62568784,-37.44728758,44.83412852,21.91673797,-54.9078231,116.9842182,63.95253604,40.81753408,-88.03022061,287.2062878,364.2659437,7.28E-05,327.3555683,768.6720229,15.85634121,1.184759215,0.020798121,64.31807536,92.85975461,3.84E-06,22.17761135,46.44521373,1,1,0.9735,0.996,1,1,0.9955,1,0.9525,0.999,0.9985,0.9795,0.9965,0.954,0.812,0.999,0.1565,0.8595,0.998,1,0.991,0,1,1,1,0.999,0.286,1
qNet-vmax-vrest-APD90-camax-carest-CaTD50-CaTD90,0.8125,0.6875,0.875,0.854545455,0.777777778,0.9375,0.6,0.571428571,0.75,0.909090909,0.666666667,0.833333333,6.599938401,2.5714215,5.99997,0.440000616,0.551020985,0.272728066,0.666666667,0.615384615,0.75,0.194598304,0.933649289,0.766666667,-29.43229242,9.299978766,-49.28340126,4.432614201,35.81969933,51.91405586,-51.58563032,21.3495935,-63.20192972,69.10120099,63.95253604,40.81753408,-88.03022061,364.2659437,0.000222565,7.28E-05,327.3555683,768.6720229,15.85634121,1.184759215,0.020798121,92.85975461,3.76E-05,3.84E-06,22.17761135,46.44521373,1,1,0.9275,0.996,1,1,0.996,1,0.9515,0.999,0.999,0.9695,0.9945,0.9165,0.8155,0.999,0.1865,0.8235,0.998,1,0.9975,0,1,1,1,0.9995,0.3975,1
qNet-vmax-vrest-max_dv-camax-carest-CaTD50-CaTD90,0.875,0.6875,0.75,0.963636364,0.857142857,0.916666667,0.8,0.285714286,1,0.818181818,0.888888889,0.666666667,5.49997525,3.857117143,2.999994,0.220000858,0.714286,1.50E-06,0.8,0.444444444,0.666666667,0.207067143,0.962085308,0.833333333,-34.76904214,57.10528336,-116.4553747,65.60915407,35.05222706,63.16062562,-119.8844382,68.95096794,-44.5705379,39.40557691,63.95253604,40.81753408,-88.03022061,-0.292902106,0.000222565,7.28E-05,327.3555683,768.6720229,15.85634121,1.184759215,0.020798121,0.063732419,3.76E-05,3.84E-06,22.17761135,46.44521373,1,1,0.9995,0.999,1,0.999,0.999,1,0.743,0.999,0.878,0.9865,0.872,0.1735,0.4805,0.979,0.048,0.558,0.5925,1,1,0.999,1,1,1,0.994,0.8975,0.997
qNet-vmax-APD50-max_dv-camax-carest-CaTD50-CaTD90,0.8125,0.6875,0.8125,0.854545455,0.80952381,0.9375,0.6,0.571428571,0.75,0.909090909,0.777777778,0.75,6.599938401,2.5714215,3.999988,0.440000616,0.551020985,0.30000084,0.666666667,0.615384615,0.666666667,0.192966739,0.928909953,0.733333333,-29.99357464,12.62731369,-78.27925595,-3.669331984,-105.2769177,43.32491131,15.57252025,74.27235782,-66.37878475,162.8593116,63.95253604,40.81753408,287.2062878,-0.292902106,0.000222565,7.28E-05,327.3555683,768.6720229,15.85634121,1.184759215,64.31807536,0.063732419,3.76E-05,3.84E-06,22.17761135,46.44521373,0.9995,1,0.9065,0.996,1,1,0.9935,1,0.9495,0.9985,0.9965,0.99,0.9755,1,0.7595,0.9995,0.1515,0.6005,0.9975,1,1,0,1,1,1,0.9985,0.773,1
qNet-vrest-APD50-APD90-max_dv-carest-CaTD50-CaTD90,0.75,0.6875,0.8125,0.872727273,0.777777778,0.947916667,0.6,0.428571429,1,0.818181818,0.777777778,0.75,3.29998735,2.142853714,3.999988,0.488889514,0.642857545,1.33E-06,0.6,0.545454545,0.727272727,0.215382853,0.952606635,0.766666667,-9.699995822,31.95244577,-29.51348975,140.0682872,-33.86410979,94.55323647,-19.45782763,-6.230651204,-49.2083568,145.974659,63.95253604,-88.03022061,287.2062878,364.2659437,-0.292902106,7.28E-05,327.3555683,768.6720229,15.85634121,0.020798121,64.31807536,92.85975461,0.063732419,3.84E-06,22.17761135,46.44521373,1,1,0.999,0.9945,1,1,1,1,0.906,0.9965,0.917,0.925,0.9845,0.8355,0.4995,0.6725,0.1885,0.812,0.9975,1,0.969,0.155,1,1,1,0.9995,0.3515,1
dvdtmax-vmax-vrest-APD50-APD90-max_dv-CaTD50-CaTD90,0.8125,0.6875,0.8125,0.890909091,0.698412698,0.916666667,0.6,0.571428571,1,0.909090909,0.777777778,0.75,6.599938401,2.142853714,3.999988,0.440000616,0.551020985,1.33E-06,0.666666667,0.615384615,0.727272727,0.260381202,0.933649289,0.8,-34.75236825,-2.098754024,52.26691926,-11.64812704,103.5190014,78.0607754,148.3465562,-113.1945634,-92.42812809,201.1300736,72.03390709,40.81753408,-88.03022061,287.2062878,364.2659437,-0.292902106,327.3555683,768.6720229,2.416227739,1.184759215,0.020798121,64.31807536,92.85975461,0.063732419,22.17761135,46.44521373,1,1,0.9915,0.9975,1,1,0.995,1,0.9625,0.999,0.9995,0.8605,1,0.0435,0.9115,0.999,0.149,1,0.999,1,0,0.9945,1,1,0.9975,0.999,0,1
dvdtmax-vmax-vrest-APD50-APD90-camax-carest-CaTD50,0.8125,0.625,0.75,0.909090909,0.746031746,0.895833333,0.6,0.285714286,1,0.818181818,0.777777778,0.666666667,4.3999813,1.92856725,2.999994,0.440000616,0.80357165,1.50E-06,0.666666667,0.4,0.666666667,0.224445239,0.943127962,0.766666667,6.878674768,98.12910734,-150.3909556,154.444286,61.03290211,-30.76340468,11.46051351,70.98779792,17.55637022,121.8020173,72.03390709,40.81753408,-88.03022061,287.2062878,364.2659437,0.000222565,7.28E-05,327.3555683,2.416227739,1.184759215,0.020798121,64.31807536,92.85975461,3.76E-05,3.84E-06,22.17761135,1,1,0.9875,0.9995,1,1,0.9955,1,0.708,0.999,0.868,0.7665,0.7955,0.4445,0.48,0.9935,0.105,0.82,0.7965,1,0.985,0.8435,0.947848101,1,1,0.6495,0.5465,1
dvdtmax-vmax-vrest-APD50-APD90-carest-CaTD50-CaTD90,0.8125,0.6875,0.75,0.854545455,0.777777778,0.927083333,0.6,0.571428571,1,0.909090909,0.777777778,0.666666667,6.599938401,2.5714215,2.999994,0.440000616,0.551020985,1.50E-06,0.666666667,0.615384615,0.666666667,0.23626601,0.924170616,0.8,-39.22886999,-0.966881744,-26.69572713,9.534626337,105.7547884,114.3559051,-56.4098498,-2.720145911,-75.66218557,176.5148408,72.03390709,40.81753408,-88.03022061,287.2062878,364.2659437,7.28E-05,327.3555683,768.6720229,2.416227739,1.184759215,0.020798121,64.31807536,92.85975461,3.84E-06,22.17761135,46.44521373,1,1,0.9895,0.9955,1,1,0.9955,1,0.961,0.999,0.9985,0.978,0.994,0.5705,0.779,0.9995,0.1445,0.871,0.999,1,0.9685,0,1,1,1,0.999,0.2935,1
dvdtmax-vmax-vrest-APD50-max_dv-carest-CaTD50-CaTD90,0.8125,0.6875,0.8125,0.909090909,0.793650794,0.927083333,0.6,0.571428571,0.75,0.909090909,0.666666667,0.75,6.599938401,2.142853714,3.999988,0.440000616,0.551020985,0.272728066,0.666666667,0.615384615,0.666666667,0.233139171,0.957345972,0.766666667,9.417244058,93.52928347,-40.58761743,67.68232276,155.4309143,104.9387266,-55.11141845,9.48339683,27.10730648,85.43788876,72.03390709,40.81753408,-88.03022061,287.2062878,-0.292902106,7.28E-05,327.3555683,768.6720229,2.416227739,1.184759215,0.020798121,64.31807536,0.063732419,3.84E-06,22.17761135,46.44521373,1,1,0.9715,0.9955,1,0.999,0.9935,1,0.841,1,0.972,0.961,0.996,0.7725,0.6395,0.9995,0.144,1,0.9575,1,0,1,1,1,1,0.9885,0.018,1
dvdtmax-vmax-vrest-APD50-camax-carest-CaTD50-CaTD90,0.75,0.625,0.875,0.836363636,0.746031746,0.9375,0.6,0.428571429,0.75,0.727272727,0.666666667,0.833333333,2.933326244,1.92856725,5.99997,0.488889514,0.734694219,0.272728066,0.6,0.5,0.75,0.229229392,0.933649289,0.733333333,-44.1784474,-8.413802951,-35.05151388,32.94035974,89.94000959,133.2179665,-87.39399071,2.478658961,-100.7968349,114.687632,72.03390709,40.81753408,-88.03022061,287.2062878,0.000222565,7.28E-05,327.3555683,768.6720229,2.416227739,1.184759215,0.020798121,64.31807536,3.76E-05,3.84E-06,22.17761135,46.44521373,0.9995,1,0.92,0.994,1,1,0.9965,1,0.9625,0.9975,0.9985,0.9215,0.9385,0.18,0.7865,0.999,0.25,0.755,0.9995,1,0.9945,0.093,1,1,1,0.9965,0.62,0.9995
dvdtmax-vmax-APD50-APD90-camax-carest-CaTD50-CaTD90,0.75,0.625,0.8125,0.890909091,0.746031746,0.916666667,0.6,0.428571429,0.75,0.818181818,0.666666667,0.833333333,3.29998735,1.714283571,4.499979,0.488889514,0.80357165,0.30000084,0.6,0.461538462,0.666666667,0.255758755,0.938388626,0.7,-46.19830128,-31.86851454,-28.98377806,33.95881821,-5.371383116,5.671224394,8.800839203,96.8484078,-114.2983473,264.3947121,72.03390709,40.81753408,287.2062878,364.2659437,0.000222565,7.28E-05,327.3555683,768.6720229,2.416227739,1.184759215,64.31807536,92.85975461,3.76E-05,3.84E-06,22.17761135,46.44521373,0.9995,1,0.4985,0.998,1,1,0.894,1,0.896,0.9945,0.9805,0.578,0.5835,0.974,0.779,0.952,0.25,0.918,0.967,1,0.1715,0.996,0.996962025,1,1,0.9275,0.34,1
dvdtmax-vrest-APD50-APD90-max_dv-camax-carest-CaTD50,0.75,0.625,0.875,0.836363636,0.714285714,0.9375,0.6,0.571428571,0.75,0.818181818,0.666666667,0.833333333,3.29998735,1.92856725,5.99997,0.488889514,0.642857679,0.272728066,0.6,0.571428571,0.75,0.249661446,0.928909953,0.733333333,-28.76935067,5.527713851,50.5675231,105.2388558,178.5602765,199.9029329,-128.9211937,-139.6718261,-40.35893099,-84.85162976,72.03390709,-88.03022061,287.2062878,364.2659437,-0.292902106,0.000222565,7.28E-05,327.3555683,2.416227739,0.020798121,64.31807536,92.85975461,0.063732419,3.76E-05,3.84E-06,22.17761135,1,1,0.935,0.9975,0.9925,1,0.9955,1,0.949,0.999,1,0.733,1,0.35,0.926,0.9995,0.225,1,0.999,1,0,0.979,1,1,0.999,0.999,0,1
dvdtmax-vrest-APD50-APD90-max_dv-camax-CaTD50-CaTD90,0.75,0.6875,0.875,0.818181818,0.73015873,0.947916667,0.6,0.571428571,0.75,0.818181818,0.666666667,0.833333333,3.29998735,2.142853714,5.99997,0.488889514,0.551020985,0.272728066,0.6,0.615384615,0.75,0.223036312,0.924170616,0.733333333,-46.98419957,-12.60909947,54.92717333,105.3623309,150.4324405,236.5247649,-147.9965479,-117.5255182,-131.9323402,129.0615167,72.03390709,-88.03022061,287.2062878,364.2659437,-0.292902106,0.000222565,327.3555683,768.6720229,2.416227739,0.020798121,64.31807536,92.85975461,0.063732419,3.76E-05,22.17761135,46.44521373,1,1,0.957,0.998,0.997998999,1,0.9955,1,0.9545,0.9995,0.9995,0.722,1,0.7435,0.9305,0.999,0.207,1,0.999,1,0,0.9955,1,1,0.997,0.999,0,1
dvdtmax-vrest-APD50-APD90-camax-carest-CaTD50-CaTD90,0.8125,0.6875,0.8125,0.909090909,0.761904762,0.9375,0.6,0.571428571,1,0.909090909,0.777777778,0.75,6.599938401,2.5714215,3.999988,0.440000616,0.642857545,1.33E-06,0.666666667,0.571428571,0.727272727,0.224833324,0.947867299,0.833333333,-35.47923281,2.456488762,-7.297655411,107.7652493,127.1298648,-71.81975163,-1.017686913,10.24823742,-81.30046872,190.7210279,72.03390709,-88.03022061,287.2062878,364.2659437,0.000222565,7.28E-05,327.3555683,768.6720229,2.416227739,0.020798121,64.31807536,92.85975461,3.76E-05,3.84E-06,22.17761135,46.44521373,1,1,0.9915,0.9955,1,1,0.995,1,0.9645,0.999,0.999,0.983,0.994,0.4435,0.779,0.9995,0.1355,0.8555,0.998,1,0.987,0.0135,1,1,1,0.9985,0.331,1
vmax-vrest-APD50-APD90-max_dv-camax-carest-CaTD50,0.8125,0.5625,0.75,0.909090909,0.73015873,0.875,0.6,0.285714286,1,0.909090909,0.777777778,0.666666667,6.599938401,1.285713,2.999994,0.440000616,0.918367452,1.50E-06,0.666666667,0.363636364,0.666666667,0.337599153,0.947867299,0.733333333,-12.82995855,36.00588243,59.7236474,132.0012699,14.49084076,91.57700281,4.176292677,-24.5909748,-55.13751453,4.088344276,40.81753408,-88.03022061,287.2062878,364.2659437,-0.292902106,0.000222565,7.28E-05,327.3555683,1.184759215,0.020798121,64.31807536,92.85975461,0.063732419,3.76E-05,3.84E-06,22.17761135,1,1,1,1,1,0.9825,1,1,0.004,0.7085,0,0.905,0.893,0.808,0,0.024,0.0675,0.996,0.0785,1,0,0.985,1,1,1,0.177,0.0225,1
